domain,label,source_dataset,source_threat,source_label,source_length,length_band
aaemukos.org,1,ExtraHop/DGA-Detection-Training-Dataset,dga,aaemukos,8,dga_le_10
aaioiwske.net,1,ExtraHop/DGA-Detection-Training-Dataset,dga,aaioiwske,9,dga_le_10
aaowgcisqy.com,1,ExtraHop/DGA-Detection-Training-Dataset,dga,aaowgcisqy,10,dga_le_10
aaueyqmwow.org,1,ExtraHop/DGA-Detection-Training-Dataset,dga,aaueyqmwow,10,dga_le_10
aaured8765.net,1,ExtraHop/DGA-Detection-Training-Dataset,dga,aaured8765,10,dga_le_10
aauwggous.org,1,ExtraHop/DGA-Detection-Training-Dataset,dga,aauwggous,9,dga_le_10
abvoxjzc.info,1,ExtraHop/DGA-Detection-Training-Dataset,dga,abvoxjzc,8,dga_le_10
acpywkc.info,1,ExtraHop/DGA-Detection-Training-Dataset,dga,acpywkc,7,dga_le_10
acqgffnqxh.info,1,ExtraHop/DGA-Detection-Training-Dataset,dga,acqgffnqxh,10,dga_le_10
acspyduggi.net,1,ExtraHop/DGA-Detection-Training-Dataset,dga,acspyduggi,10,dga_le_10
aghnvfftz.info,1,ExtraHop/DGA-Detection-Training-Dataset,dga,aghnvfftz,9,dga_le_10
agsjdcvs.info,1,ExtraHop/DGA-Detection-Training-Dataset,dga,agsjdcvs,8,dga_le_10
agwuiaws.org,1,ExtraHop/DGA-Detection-Training-Dataset,dga,agwuiaws,8,dga_le_10
aisdbxdel.net,1,ExtraHop/DGA-Detection-Training-Dataset,dga,aisdbxdel,9,dga_le_10
aiwkcc.net,1,ExtraHop/DGA-Detection-Training-Dataset,dga,aiwkcc,6,dga_le_10
ajcsuyu.org,1,ExtraHop/DGA-Detection-Training-Dataset,dga,ajcsuyu,7,dga_le_10
akaufvyry.info,1,ExtraHop/DGA-Detection-Training-Dataset,dga,akaufvyry,9,dga_le_10
akjfetball.info,1,ExtraHop/DGA-Detection-Training-Dataset,dga,akjfetball,10,dga_le_10
aogymigm.info,1,ExtraHop/DGA-Detection-Training-Dataset,dga,aogymigm,8,dga_le_10
aojeqhlzv.org,1,ExtraHop/DGA-Detection-Training-Dataset,dga,aojeqhlzv,9,dga_le_10
aqpeball.org,1,ExtraHop/DGA-Detection-Training-Dataset,dga,aqpeball,8,dga_le_10
asactma.info,1,ExtraHop/DGA-Detection-Training-Dataset,dga,asactma,7,dga_le_10
asngzttez.net,1,ExtraHop/DGA-Detection-Training-Dataset,dga,asngzttez,9,dga_le_10
atllmpyc.com,1,ExtraHop/DGA-Detection-Training-Dataset,dga,atllmpyc,8,dga_le_10
auiaajnfo.net,1,ExtraHop/DGA-Detection-Training-Dataset,dga,auiaajnfo,9,dga_le_10
aunbpvhe.info,1,ExtraHop/DGA-Detection-Training-Dataset,dga,aunbpvhe,8,dga_le_10
awddxijjv.info,1,ExtraHop/DGA-Detection-Training-Dataset,dga,awddxijjv,9,dga_le_10
axganxt.com,1,ExtraHop/DGA-Detection-Training-Dataset,dga,axganxt,7,dga_le_10
ayvkhyftio.com,1,ExtraHop/DGA-Detection-Training-Dataset,dga,ayvkhyftio,10,dga_le_10
azfjofeo.org,1,ExtraHop/DGA-Detection-Training-Dataset,dga,azfjofeo,8,dga_le_10
bczcjog.info,1,ExtraHop/DGA-Detection-Training-Dataset,dga,bczcjog,7,dga_le_10
beandtjixd.net,1,ExtraHop/DGA-Detection-Training-Dataset,dga,beandtjixd,10,dga_le_10
bgpofxoaz.org,1,ExtraHop/DGA-Detection-Training-Dataset,dga,bgpofxoaz,9,dga_le_10
bhultcj.org,1,ExtraHop/DGA-Detection-Training-Dataset,dga,bhultcj,7,dga_le_10
bifnvuuik.org,1,ExtraHop/DGA-Detection-Training-Dataset,dga,bifnvuuik,9,dga_le_10
bipfbdbt.com,1,ExtraHop/DGA-Detection-Training-Dataset,dga,bipfbdbt,8,dga_le_10
birbsi.com,1,ExtraHop/DGA-Detection-Training-Dataset,dga,birbsi,6,dga_le_10
bjdqgi.net,1,ExtraHop/DGA-Detection-Training-Dataset,dga,bjdqgi,6,dga_le_10
bjnkop.net,1,ExtraHop/DGA-Detection-Training-Dataset,dga,bjnkop,6,dga_le_10
bkajmsdwi.info,1,ExtraHop/DGA-Detection-Training-Dataset,dga,bkajmsdwi,9,dga_le_10
bnqhhbdl.info,1,ExtraHop/DGA-Detection-Training-Dataset,dga,bnqhhbdl,8,dga_le_10
bozywixve.com,1,ExtraHop/DGA-Detection-Training-Dataset,dga,bozywixve,9,dga_le_10
bpauqmwxv.net,1,ExtraHop/DGA-Detection-Training-Dataset,dga,bpauqmwxv,9,dga_le_10
bplqstring.com,1,ExtraHop/DGA-Detection-Training-Dataset,dga,bplqstring,10,dga_le_10
bpovyxm.net,1,ExtraHop/DGA-Detection-Training-Dataset,dga,bpovyxm,7,dga_le_10
bppzolice.com,1,ExtraHop/DGA-Detection-Training-Dataset,dga,bppzolice,9,dga_le_10
bqnipw.net,1,ExtraHop/DGA-Detection-Training-Dataset,dga,bqnipw,6,dga_le_10
brsehafjja.net,1,ExtraHop/DGA-Detection-Training-Dataset,dga,brsehafjja,10,dga_le_10
btqvkhu.net,1,ExtraHop/DGA-Detection-Training-Dataset,dga,btqvkhu,7,dga_le_10
btrcnzhowa.net,1,ExtraHop/DGA-Detection-Training-Dataset,dga,btrcnzhowa,10,dga_le_10
bunclkvr.com,1,ExtraHop/DGA-Detection-Training-Dataset,dga,bunclkvr,8,dga_le_10
bwhwfcr.org,1,ExtraHop/DGA-Detection-Training-Dataset,dga,bwhwfcr,7,dga_le_10
bwngxge.net,1,ExtraHop/DGA-Detection-Training-Dataset,dga,bwngxge,7,dga_le_10
bxmhstring.org,1,ExtraHop/DGA-Detection-Training-Dataset,dga,bxmhstring,10,dga_le_10
bxvvtruck.org,1,ExtraHop/DGA-Detection-Training-Dataset,dga,bxvvtruck,9,dga_le_10
byxbavrt.com,1,ExtraHop/DGA-Detection-Training-Dataset,dga,byxbavrt,8,dga_le_10
bzfvbsrm.info,1,ExtraHop/DGA-Detection-Training-Dataset,dga,bzfvbsrm,8,dga_le_10
bztybucnhs.org,1,ExtraHop/DGA-Detection-Training-Dataset,dga,bztybucnhs,10,dga_le_10
caogpijifd.net,1,ExtraHop/DGA-Detection-Training-Dataset,dga,caogpijifd,10,dga_le_10
catderrari.org,1,ExtraHop/DGA-Detection-Training-Dataset,dga,catderrari,10,dga_le_10
cbqhleixtl.org,1,ExtraHop/DGA-Detection-Training-Dataset,dga,cbqhleixtl,10,dga_le_10
cbsceikvzr.net,1,ExtraHop/DGA-Detection-Training-Dataset,dga,cbsceikvzr,10,dga_le_10
cclzngeles.org,1,ExtraHop/DGA-Detection-Training-Dataset,dga,cclzngeles,10,dga_le_10
ccsadyxe.com,1,ExtraHop/DGA-Detection-Training-Dataset,dga,ccsadyxe,8,dga_le_10
ccxnopcomp.org,1,ExtraHop/DGA-Detection-Training-Dataset,dga,ccxnopcomp,10,dga_le_10
ccxwwxs.org,1,ExtraHop/DGA-Detection-Training-Dataset,dga,ccxwwxs,7,dga_le_10
cegakzwad.info,1,ExtraHop/DGA-Detection-Training-Dataset,dga,cegakzwad,9,dga_le_10
ceyyuaaoy.org,1,ExtraHop/DGA-Detection-Training-Dataset,dga,ceyyuaaoy,9,dga_le_10
cgtgbjfs.org,1,ExtraHop/DGA-Detection-Training-Dataset,dga,cgtgbjfs,8,dga_le_10
chitjvmqn.org,1,ExtraHop/DGA-Detection-Training-Dataset,dga,chitjvmqn,9,dga_le_10
cinequmy.info,1,ExtraHop/DGA-Detection-Training-Dataset,dga,cinequmy,8,dga_le_10
cinerata.info,1,ExtraHop/DGA-Detection-Training-Dataset,dga,cinerata,8,dga_le_10
citedace.info,1,ExtraHop/DGA-Detection-Training-Dataset,dga,citedace,8,dga_le_10
citenami.com,1,ExtraHop/DGA-Detection-Training-Dataset,dga,citenami,8,dga_le_10
citeqyka.org,1,ExtraHop/DGA-Detection-Training-Dataset,dga,citeqyka,8,dga_le_10
ciwecatu.info,1,ExtraHop/DGA-Detection-Training-Dataset,dga,ciwecatu,8,dga_le_10
ciyoqgj.info,1,ExtraHop/DGA-Detection-Training-Dataset,dga,ciyoqgj,7,dga_le_10
cjfgbkvvuw.org,1,ExtraHop/DGA-Detection-Training-Dataset,dga,cjfgbkvvuw,10,dga_le_10
clbbxl.com,1,ExtraHop/DGA-Detection-Training-Dataset,dga,clbbxl,6,dga_le_10
clifdiss.com,1,ExtraHop/DGA-Detection-Training-Dataset,dga,clifdiss,8,dga_le_10
cljfkwemjd.com,1,ExtraHop/DGA-Detection-Training-Dataset,dga,cljfkwemjd,10,dga_le_10
clxmjwm.info,1,ExtraHop/DGA-Detection-Training-Dataset,dga,clxmjwm,7,dga_le_10
clygmpdwqi.org,1,ExtraHop/DGA-Detection-Training-Dataset,dga,clygmpdwqi,10,dga_le_10
cmlolgxqp.info,1,ExtraHop/DGA-Detection-Training-Dataset,dga,cmlolgxqp,9,dga_le_10
cmxtpapoqw.info,1,ExtraHop/DGA-Detection-Training-Dataset,dga,cmxtpapoqw,10,dga_le_10
cobrhl.info,1,ExtraHop/DGA-Detection-Training-Dataset,dga,cobrhl,6,dga_le_10
coeycar.org,1,ExtraHop/DGA-Detection-Training-Dataset,dga,coeycar,7,dga_le_10
coqcejmt.org,1,ExtraHop/DGA-Detection-Training-Dataset,dga,coqcejmt,8,dga_le_10
covxfuh.info,1,ExtraHop/DGA-Detection-Training-Dataset,dga,covxfuh,7,dga_le_10
crakuobmg.com,1,ExtraHop/DGA-Detection-Training-Dataset,dga,crakuobmg,9,dga_le_10
crkooynrq.org,1,ExtraHop/DGA-Detection-Training-Dataset,dga,crkooynrq,9,dga_le_10
crrucvlcwb.org,1,ExtraHop/DGA-Detection-Training-Dataset,dga,crrucvlcwb,10,dga_le_10
cshkmwy.org,1,ExtraHop/DGA-Detection-Training-Dataset,dga,cshkmwy,7,dga_le_10
cuexgkdm.net,1,ExtraHop/DGA-Detection-Training-Dataset,dga,cuexgkdm,8,dga_le_10
cumppg.info,1,ExtraHop/DGA-Detection-Training-Dataset,dga,cumppg,6,dga_le_10
cuqfgdha.net,1,ExtraHop/DGA-Detection-Training-Dataset,dga,cuqfgdha,8,dga_le_10
cuqmdfb.org,1,ExtraHop/DGA-Detection-Training-Dataset,dga,cuqmdfb,7,dga_le_10
cuzcacivic.org,1,ExtraHop/DGA-Detection-Training-Dataset,dga,cuzcacivic,10,dga_le_10
cvhkkxcupe.net,1,ExtraHop/DGA-Detection-Training-Dataset,dga,cvhkkxcupe,10,dga_le_10
cwsjytrain.org,1,ExtraHop/DGA-Detection-Training-Dataset,dga,cwsjytrain,10,dga_le_10
czuquuqrsd.com,1,ExtraHop/DGA-Detection-Training-Dataset,dga,czuquuqrsd,10,dga_le_10
dahuhhrs.com,1,ExtraHop/DGA-Detection-Training-Dataset,dga,dahuhhrs,8,dga_le_10
daxaxih.com,1,ExtraHop/DGA-Detection-Training-Dataset,dga,daxaxih,7,dga_le_10
dazxbtln.net,1,ExtraHop/DGA-Detection-Training-Dataset,dga,dazxbtln,8,dga_le_10
ddfprcegg.net,1,ExtraHop/DGA-Detection-Training-Dataset,dga,ddfprcegg,9,dga_le_10
ddjhafcy.info,1,ExtraHop/DGA-Detection-Training-Dataset,dga,ddjhafcy,8,dga_le_10
ddsnficjam.net,1,ExtraHop/DGA-Detection-Training-Dataset,dga,ddsnficjam,10,dga_le_10
debbdicx.net,1,ExtraHop/DGA-Detection-Training-Dataset,dga,debbdicx,8,dga_le_10
dfwvrmjp.info,1,ExtraHop/DGA-Detection-Training-Dataset,dga,dfwvrmjp,8,dga_le_10
dfypcvjtmi.com,1,ExtraHop/DGA-Detection-Training-Dataset,dga,dfypcvjtmi,10,dga_le_10
dgyhhtwrl.info,1,ExtraHop/DGA-Detection-Training-Dataset,dga,dgyhhtwrl,9,dga_le_10
dhyxqb.info,1,ExtraHop/DGA-Detection-Training-Dataset,dga,dhyxqb,6,dga_le_10
dibynowyp.info,1,ExtraHop/DGA-Detection-Training-Dataset,dga,dibynowyp,9,dga_le_10
dibysowap.net,1,ExtraHop/DGA-Detection-Training-Dataset,dga,dibysowap,9,dga_le_10
dixyjazap.net,1,ExtraHop/DGA-Detection-Training-Dataset,dga,dixyjazap,9,dga_le_10
dlvqxowu.net,1,ExtraHop/DGA-Detection-Training-Dataset,dga,dlvqxowu,8,dga_le_10
dmiikopm.com,1,ExtraHop/DGA-Detection-Training-Dataset,dga,dmiikopm,8,dga_le_10
dmzmrxim.org,1,ExtraHop/DGA-Detection-Training-Dataset,dga,dmzmrxim,8,dga_le_10
dnludozer.com,1,ExtraHop/DGA-Detection-Training-Dataset,dga,dnludozer,9,dga_le_10
dpbmmbqz.info,1,ExtraHop/DGA-Detection-Training-Dataset,dga,dpbmmbqz,8,dga_le_10
dpoyrmhtv.net,1,ExtraHop/DGA-Detection-Training-Dataset,dga,dpoyrmhtv,9,dga_le_10
dppzcia.org,1,ExtraHop/DGA-Detection-Training-Dataset,dga,dppzcia,7,dga_le_10
dqmhhyixdk.com,1,ExtraHop/DGA-Detection-Training-Dataset,dga,dqmhhyixdk,10,dga_le_10
dqwabmkys.com,1,ExtraHop/DGA-Detection-Training-Dataset,dga,dqwabmkys,9,dga_le_10
drjzlane.org,1,ExtraHop/DGA-Detection-Training-Dataset,dga,drjzlane,8,dga_le_10
drkfteim.org,1,ExtraHop/DGA-Detection-Training-Dataset,dga,drkfteim,8,dga_le_10
drolstring.com,1,ExtraHop/DGA-Detection-Training-Dataset,dga,drolstring,10,dga_le_10
dsbbpar.com,1,ExtraHop/DGA-Detection-Training-Dataset,dga,dsbbpar,7,dga_le_10
dsliirspct.org,1,ExtraHop/DGA-Detection-Training-Dataset,dga,dsliirspct,10,dga_le_10
dtfxyypxhy.org,1,ExtraHop/DGA-Detection-Training-Dataset,dga,dtfxyypxhy,10,dga_le_10
duwmizogow.org,1,ExtraHop/DGA-Detection-Training-Dataset,dga,duwmizogow,10,dga_le_10
dvqvdozer.org,1,ExtraHop/DGA-Detection-Training-Dataset,dga,dvqvdozer,9,dga_le_10
dxewkdla.info,1,ExtraHop/DGA-Detection-Training-Dataset,dga,dxewkdla,8,dga_le_10
dxwrball.info,1,ExtraHop/DGA-Detection-Training-Dataset,dga,dxwrball,8,dga_le_10
dydonkklr.com,1,ExtraHop/DGA-Detection-Training-Dataset,dga,dydonkklr,9,dga_le_10
ebtguctmp.org,1,ExtraHop/DGA-Detection-Training-Dataset,dga,ebtguctmp,9,dga_le_10
ebtmpckrg.org,1,ExtraHop/DGA-Detection-Training-Dataset,dga,ebtmpckrg,9,dga_le_10
ebuwrq.info,1,ExtraHop/DGA-Detection-Training-Dataset,dga,ebuwrq,6,dga_le_10
eczsfet.org,1,ExtraHop/DGA-Detection-Training-Dataset,dga,eczsfet,7,dga_le_10
eeapys.net,1,ExtraHop/DGA-Detection-Training-Dataset,dga,eeapys,6,dga_le_10
eewmnta.info,1,ExtraHop/DGA-Detection-Training-Dataset,dga,eewmnta,7,dga_le_10
eiagewcuiu.com,1,ExtraHop/DGA-Detection-Training-Dataset,dga,eiagewcuiu,10,dga_le_10
eifcikfs.org,1,ExtraHop/DGA-Detection-Training-Dataset,dga,eifcikfs,8,dga_le_10
eiksoguoyc.com,1,ExtraHop/DGA-Detection-Training-Dataset,dga,eiksoguoyc,10,dga_le_10
eilsxlc.org,1,ExtraHop/DGA-Detection-Training-Dataset,dga,eilsxlc,7,dga_le_10
eiqcasay.net,1,ExtraHop/DGA-Detection-Training-Dataset,dga,eiqcasay,8,dga_le_10
ekvilane.net,1,ExtraHop/DGA-Detection-Training-Dataset,dga,ekvilane,8,dga_le_10
emalogbb.org,1,ExtraHop/DGA-Detection-Training-Dataset,dga,emalogbb,8,dga_le_10
emqiork.org,1,ExtraHop/DGA-Detection-Training-Dataset,dga,emqiork,7,dga_le_10
emsyaadij.net,1,ExtraHop/DGA-Detection-Training-Dataset,dga,emsyaadij,9,dga_le_10
enagbqyiq.com,1,ExtraHop/DGA-Detection-Training-Dataset,dga,enagbqyiq,9,dga_le_10
enwucasd.org,1,ExtraHop/DGA-Detection-Training-Dataset,dga,enwucasd,8,dga_le_10
eotherrari.com,1,ExtraHop/DGA-Detection-Training-Dataset,dga,eotherrari,10,dga_le_10
ephknbavah.org,1,ExtraHop/DGA-Detection-Training-Dataset,dga,ephknbavah,10,dga_le_10
eropkakua.net,1,ExtraHop/DGA-Detection-Training-Dataset,dga,eropkakua,9,dga_le_10
esrgjups.org,1,ExtraHop/DGA-Detection-Training-Dataset,dga,esrgjups,8,dga_le_10
etnidedvo.net,1,ExtraHop/DGA-Detection-Training-Dataset,dga,etnidedvo,9,dga_le_10
ewiwficjam.org,1,ExtraHop/DGA-Detection-Training-Dataset,dga,ewiwficjam,10,dga_le_10
exdpearl.org,1,ExtraHop/DGA-Detection-Training-Dataset,dga,exdpearl,8,dga_le_10
eybefmuk.org,1,ExtraHop/DGA-Detection-Training-Dataset,dga,eybefmuk,8,dga_le_10
eyjsstring.org,1,ExtraHop/DGA-Detection-Training-Dataset,dga,eyjsstring,10,dga_le_10
fafcsehdk.org,1,ExtraHop/DGA-Detection-Training-Dataset,dga,fafcsehdk,9,dga_le_10
fakfdhskn.org,1,ExtraHop/DGA-Detection-Training-Dataset,dga,fakfdhskn,9,dga_le_10
fazwoqvla.info,1,ExtraHop/DGA-Detection-Training-Dataset,dga,fazwoqvla,9,dga_le_10
fbqqmen.org,1,ExtraHop/DGA-Detection-Training-Dataset,dga,fbqqmen,7,dga_le_10
fcvaqvts.net,1,ExtraHop/DGA-Detection-Training-Dataset,dga,fcvaqvts,8,dga_le_10
fddiinrq.com,1,ExtraHop/DGA-Detection-Training-Dataset,dga,fddiinrq,8,dga_le_10
fdtrstring.net,1,ExtraHop/DGA-Detection-Training-Dataset,dga,fdtrstring,10,dga_le_10
fedfzsuf.info,1,ExtraHop/DGA-Detection-Training-Dataset,dga,fedfzsuf,8,dga_le_10
fenmswjal.com,1,ExtraHop/DGA-Detection-Training-Dataset,dga,fenmswjal,9,dga_le_10
ffvrbcbj.com,1,ExtraHop/DGA-Detection-Training-Dataset,dga,ffvrbcbj,8,dga_le_10
ffwvdpgc.com,1,ExtraHop/DGA-Detection-Training-Dataset,dga,ffwvdpgc,8,dga_le_10
fgnjfxtb.info,1,ExtraHop/DGA-Detection-Training-Dataset,dga,fgnjfxtb,8,dga_le_10
fhxcpyjd.org,1,ExtraHop/DGA-Detection-Training-Dataset,dga,fhxcpyjd,8,dga_le_10
fhxspcp.net,1,ExtraHop/DGA-Detection-Training-Dataset,dga,fhxspcp,7,dga_le_10
fivbmjkk.com,1,ExtraHop/DGA-Detection-Training-Dataset,dga,fivbmjkk,8,dga_le_10
fjcbmnsnw.org,1,ExtraHop/DGA-Detection-Training-Dataset,dga,fjcbmnsnw,9,dga_le_10
fkoywxdid.info,1,ExtraHop/DGA-Detection-Training-Dataset,dga,fkoywxdid,9,dga_le_10
fleiklkvom.info,1,ExtraHop/DGA-Detection-Training-Dataset,dga,fleiklkvom,10,dga_le_10
flqfficjam.info,1,ExtraHop/DGA-Detection-Training-Dataset,dga,flqfficjam,10,dga_le_10
flrbxmpuo.com,1,ExtraHop/DGA-Detection-Training-Dataset,dga,flrbxmpuo,9,dga_le_10
fmvyldar.com,1,ExtraHop/DGA-Detection-Training-Dataset,dga,fmvyldar,8,dga_le_10
fnbewftoy.info,1,ExtraHop/DGA-Detection-Training-Dataset,dga,fnbewftoy,9,dga_le_10
fndaork.com,1,ExtraHop/DGA-Detection-Training-Dataset,dga,fndaork,7,dga_le_10
fnfyislbeq.com,1,ExtraHop/DGA-Detection-Training-Dataset,dga,fnfyislbeq,10,dga_le_10
fnhotv.com,1,ExtraHop/DGA-Detection-Training-Dataset,dga,fnhotv,6,dga_le_10
fnoxxkeet.com,1,ExtraHop/DGA-Detection-Training-Dataset,dga,fnoxxkeet,9,dga_le_10
fnsertbhur.com,1,ExtraHop/DGA-Detection-Training-Dataset,dga,fnsertbhur,10,dga_le_10
fobehyhi.org,1,ExtraHop/DGA-Detection-Training-Dataset,dga,fobehyhi,8,dga_le_10
foldpzfkev.com,1,ExtraHop/DGA-Detection-Training-Dataset,dga,foldpzfkev,10,dga_le_10
fottldtl.info,1,ExtraHop/DGA-Detection-Training-Dataset,dga,fottldtl,8,dga_le_10
fplimkpax.info,1,ExtraHop/DGA-Detection-Training-Dataset,dga,fplimkpax,9,dga_le_10
fpnvopcomp.net,1,ExtraHop/DGA-Detection-Training-Dataset,dga,fpnvopcomp,10,dga_le_10
fpowlvgt.com,1,ExtraHop/DGA-Detection-Training-Dataset,dga,fpowlvgt,8,dga_le_10
fptcgwdhb.org,1,ExtraHop/DGA-Detection-Training-Dataset,dga,fptcgwdhb,9,dga_le_10
fqobzdivre.com,1,ExtraHop/DGA-Detection-Training-Dataset,dga,fqobzdivre,10,dga_le_10
fqoiymt.net,1,ExtraHop/DGA-Detection-Training-Dataset,dga,fqoiymt,7,dga_le_10
fqsudzhehk.org,1,ExtraHop/DGA-Detection-Training-Dataset,dga,fqsudzhehk,10,dga_le_10
frdmizbh.com,1,ExtraHop/DGA-Detection-Training-Dataset,dga,frdmizbh,8,dga_le_10
fselcgmfaz.net,1,ExtraHop/DGA-Detection-Training-Dataset,dga,fselcgmfaz,10,dga_le_10
fsgjoltt.info,1,ExtraHop/DGA-Detection-Training-Dataset,dga,fsgjoltt,8,dga_le_10
fslbpnhxni.org,1,ExtraHop/DGA-Detection-Training-Dataset,dga,fslbpnhxni,10,dga_le_10
fsxqpghtz.info,1,ExtraHop/DGA-Detection-Training-Dataset,dga,fsxqpghtz,9,dga_le_10
fvrhxqyq.net,1,ExtraHop/DGA-Detection-Training-Dataset,dga,fvrhxqyq,8,dga_le_10
fvslruhn.net,1,ExtraHop/DGA-Detection-Training-Dataset,dga,fvslruhn,8,dga_le_10
fvurball.org,1,ExtraHop/DGA-Detection-Training-Dataset,dga,fvurball,8,dga_le_10
fwesjctcz.org,1,ExtraHop/DGA-Detection-Training-Dataset,dga,fwesjctcz,9,dga_le_10
fwesqcxifr.net,1,ExtraHop/DGA-Detection-Training-Dataset,dga,fwesqcxifr,10,dga_le_10
fwfqlfqmv.com,1,ExtraHop/DGA-Detection-Training-Dataset,dga,fwfqlfqmv,9,dga_le_10
fyduipmbi.org,1,ExtraHop/DGA-Detection-Training-Dataset,dga,fyduipmbi,9,dga_le_10
fylutnffai.org,1,ExtraHop/DGA-Detection-Training-Dataset,dga,fylutnffai,10,dga_le_10
fyypqmpht.net,1,ExtraHop/DGA-Detection-Training-Dataset,dga,fyypqmpht,9,dga_le_10
fzxydozer.net,1,ExtraHop/DGA-Detection-Training-Dataset,dga,fzxydozer,9,dga_le_10
gacuvybude.com,1,ExtraHop/DGA-Detection-Training-Dataset,dga,gacuvybude,10,dga_le_10
gafzsvgk.org,1,ExtraHop/DGA-Detection-Training-Dataset,dga,gafzsvgk,8,dga_le_10
galunohadu.org,1,ExtraHop/DGA-Detection-Training-Dataset,dga,galunohadu,10,dga_le_10
gaquhezydu.com,1,ExtraHop/DGA-Detection-Training-Dataset,dga,gaquhezydu,10,dga_le_10
gcxseolosh.info,1,ExtraHop/DGA-Detection-Training-Dataset,dga,gcxseolosh,10,dga_le_10
gefbfthgr.net,1,ExtraHop/DGA-Detection-Training-Dataset,dga,gefbfthgr,9,dga_le_10
gfjawya.org,1,ExtraHop/DGA-Detection-Training-Dataset,dga,gfjawya,7,dga_le_10
ggpholice.info,1,ExtraHop/DGA-Detection-Training-Dataset,dga,ggpholice,9,dga_le_10
gifadyo.com,1,ExtraHop/DGA-Detection-Training-Dataset,dga,gifadyo,7,dga_le_10
giyangeles.com,1,ExtraHop/DGA-Detection-Training-Dataset,dga,giyangeles,10,dga_le_10
gkjyball.info,1,ExtraHop/DGA-Detection-Training-Dataset,dga,gkjyball,8,dga_le_10
gkychmp.info,1,ExtraHop/DGA-Detection-Training-Dataset,dga,gkychmp,7,dga_le_10
gkykhqgwri.org,1,ExtraHop/DGA-Detection-Training-Dataset,dga,gkykhqgwri,10,dga_le_10
gkzqjh.info,1,ExtraHop/DGA-Detection-Training-Dataset,dga,gkzqjh,6,dga_le_10
glfolba.com,1,ExtraHop/DGA-Detection-Training-Dataset,dga,glfolba,7,dga_le_10
gmacugum.org,1,ExtraHop/DGA-Detection-Training-Dataset,dga,gmacugum,8,dga_le_10
gmsgyosemm.org,1,ExtraHop/DGA-Detection-Training-Dataset,dga,gmsgyosemm,10,dga_le_10
gmzgpjud.net,1,ExtraHop/DGA-Detection-Training-Dataset,dga,gmzgpjud,8,dga_le_10
gqejfl.info,1,ExtraHop/DGA-Detection-Training-Dataset,dga,gqejfl,6,dga_le_10
gqiiet.org,1,ExtraHop/DGA-Detection-Training-Dataset,dga,gqiiet,6,dga_le_10
gqqfnkzwd.org,1,ExtraHop/DGA-Detection-Training-Dataset,dga,gqqfnkzwd,9,dga_le_10
gqwoqmcst.org,1,ExtraHop/DGA-Detection-Training-Dataset,dga,gqwoqmcst,9,dga_le_10
grdhoqj.org,1,ExtraHop/DGA-Detection-Training-Dataset,dga,grdhoqj,7,dga_le_10
greoiv.net,1,ExtraHop/DGA-Detection-Training-Dataset,dga,greoiv,6,dga_le_10
grwgwnvira.info,1,ExtraHop/DGA-Detection-Training-Dataset,dga,grwgwnvira,10,dga_le_10
gsdtshtydk.info,1,ExtraHop/DGA-Detection-Training-Dataset,dga,gsdtshtydk,10,dga_le_10
gsiojidqv.com,1,ExtraHop/DGA-Detection-Training-Dataset,dga,gsiojidqv,9,dga_le_10
gsrxjivg.org,1,ExtraHop/DGA-Detection-Training-Dataset,dga,gsrxjivg,8,dga_le_10
gsxepiwf.net,1,ExtraHop/DGA-Detection-Training-Dataset,dga,gsxepiwf,8,dga_le_10
gtljjwvhwb.com,1,ExtraHop/DGA-Detection-Training-Dataset,dga,gtljjwvhwb,10,dga_le_10
guzgbqugf.com,1,ExtraHop/DGA-Detection-Training-Dataset,dga,guzgbqugf,9,dga_le_10
gwecetball.com,1,ExtraHop/DGA-Detection-Training-Dataset,dga,gwecetball,10,dga_le_10
gwmmsp.info,1,ExtraHop/DGA-Detection-Training-Dataset,dga,gwmmsp,6,dga_le_10
gxkrxmrsoy.info,1,ExtraHop/DGA-Detection-Training-Dataset,dga,gxkrxmrsoy,10,dga_le_10
gxyffu.org,1,ExtraHop/DGA-Detection-Training-Dataset,dga,gxyffu,6,dga_le_10
gyhda1008.com,1,ExtraHop/DGA-Detection-Training-Dataset,dga,gyhda1008,9,dga_le_10
gzlwuycgr.net,1,ExtraHop/DGA-Detection-Training-Dataset,dga,gzlwuycgr,9,dga_le_10
hacekaz.com,1,ExtraHop/DGA-Detection-Training-Dataset,dga,hacekaz,7,dga_le_10
hacozuz.com,1,ExtraHop/DGA-Detection-Training-Dataset,dga,hacozuz,7,dga_le_10
hctlffbc.info,1,ExtraHop/DGA-Detection-Training-Dataset,dga,hctlffbc,8,dga_le_10
hcyuxyr.com,1,ExtraHop/DGA-Detection-Training-Dataset,dga,hcyuxyr,7,dga_le_10
hfnwdt.info,1,ExtraHop/DGA-Detection-Training-Dataset,dga,hfnwdt,6,dga_le_10
hfxfuxjkjm.com,1,ExtraHop/DGA-Detection-Training-Dataset,dga,hfxfuxjkjm,10,dga_le_10
hhbqotakbc.com,1,ExtraHop/DGA-Detection-Training-Dataset,dga,hhbqotakbc,10,dga_le_10
hideqsnlh.info,1,ExtraHop/DGA-Detection-Training-Dataset,dga,hideqsnlh,9,dga_le_10
hillride.info,1,ExtraHop/DGA-Detection-Training-Dataset,dga,hillride,8,dga_le_10
hjpya1008.info,1,ExtraHop/DGA-Detection-Training-Dataset,dga,hjpya1008,9,dga_le_10
hksqdshvw.info,1,ExtraHop/DGA-Detection-Training-Dataset,dga,hksqdshvw,9,dga_le_10
hkwhasqcsb.org,1,ExtraHop/DGA-Detection-Training-Dataset,dga,hkwhasqcsb,10,dga_le_10
hlczmen.org,1,ExtraHop/DGA-Detection-Training-Dataset,dga,hlczmen,7,dga_le_10
hmjags.com,1,ExtraHop/DGA-Detection-Training-Dataset,dga,hmjags,6,dga_le_10
hovrahokc.org,1,ExtraHop/DGA-Detection-Training-Dataset,dga,hovrahokc,9,dga_le_10
hptexjex.info,1,ExtraHop/DGA-Detection-Training-Dataset,dga,hptexjex,8,dga_le_10
hpyfwttiml.info,1,ExtraHop/DGA-Detection-Training-Dataset,dga,hpyfwttiml,10,dga_le_10
hpzsrj.net,1,ExtraHop/DGA-Detection-Training-Dataset,dga,hpzsrj,6,dga_le_10
hqdjeiao.org,1,ExtraHop/DGA-Detection-Training-Dataset,dga,hqdjeiao,8,dga_le_10
hqiuzz.net,1,ExtraHop/DGA-Detection-Training-Dataset,dga,hqiuzz,6,dga_le_10
hqnbjpnxf.net,1,ExtraHop/DGA-Detection-Training-Dataset,dga,hqnbjpnxf,9,dga_le_10
hqvtfk.net,1,ExtraHop/DGA-Detection-Training-Dataset,dga,hqvtfk,6,dga_le_10
hrvznta.net,1,ExtraHop/DGA-Detection-Training-Dataset,dga,hrvznta,7,dga_le_10
hscsugkrli.info,1,ExtraHop/DGA-Detection-Training-Dataset,dga,hscsugkrli,10,dga_le_10
hselvmcw.net,1,ExtraHop/DGA-Detection-Training-Dataset,dga,hselvmcw,8,dga_le_10
hsurvvhlxz.org,1,ExtraHop/DGA-Detection-Training-Dataset,dga,hsurvvhlxz,10,dga_le_10
htaquwuwjc.com,1,ExtraHop/DGA-Detection-Training-Dataset,dga,htaquwuwjc,10,dga_le_10
htkbfhhkoo.com,1,ExtraHop/DGA-Detection-Training-Dataset,dga,htkbfhhkoo,10,dga_le_10
hvanxov.info,1,ExtraHop/DGA-Detection-Training-Dataset,dga,hvanxov,7,dga_le_10
hvifdozer.org,1,ExtraHop/DGA-Detection-Training-Dataset,dga,hvifdozer,9,dga_le_10
hvkua1008.com,1,ExtraHop/DGA-Detection-Training-Dataset,dga,hvkua1008,9,dga_le_10
hvqxay.org,1,ExtraHop/DGA-Detection-Training-Dataset,dga,hvqxay,6,dga_le_10
hwbwsxrp.net,1,ExtraHop/DGA-Detection-Training-Dataset,dga,hwbwsxrp,8,dga_le_10
hwohiliuoe.org,1,ExtraHop/DGA-Detection-Training-Dataset,dga,hwohiliuoe,10,dga_le_10
hwvqkkshop.org,1,ExtraHop/DGA-Detection-Training-Dataset,dga,hwvqkkshop,10,dga_le_10
hxvaficjam.org,1,ExtraHop/DGA-Detection-Training-Dataset,dga,hxvaficjam,10,dga_le_10
hzapiego.com,1,ExtraHop/DGA-Detection-Training-Dataset,dga,hzapiego,8,dga_le_10
iafeiego.info,1,ExtraHop/DGA-Detection-Training-Dataset,dga,iafeiego,8,dga_le_10
iaiedozer.com,1,ExtraHop/DGA-Detection-Training-Dataset,dga,iaiedozer,9,dga_le_10
ibnstnrm.org,1,ExtraHop/DGA-Detection-Training-Dataset,dga,ibnstnrm,8,dga_le_10
ibuytkhgr.net,1,ExtraHop/DGA-Detection-Training-Dataset,dga,ibuytkhgr,9,dga_le_10
icfqxhxxut.com,1,ExtraHop/DGA-Detection-Training-Dataset,dga,icfqxhxxut,10,dga_le_10
icqohazhep.info,1,ExtraHop/DGA-Detection-Training-Dataset,dga,icqohazhep,10,dga_le_10
icvclc.com,1,ExtraHop/DGA-Detection-Training-Dataset,dga,icvclc,6,dga_le_10
idwcbridyr.net,1,ExtraHop/DGA-Detection-Training-Dataset,dga,idwcbridyr,10,dga_le_10
ieroinvakn.org,1,ExtraHop/DGA-Detection-Training-Dataset,dga,ieroinvakn,10,dga_le_10
ilbtsci.info,1,ExtraHop/DGA-Detection-Training-Dataset,dga,ilbtsci,7,dga_le_10
ilgckuuji.info,1,ExtraHop/DGA-Detection-Training-Dataset,dga,ilgckuuji,9,dga_le_10
ilufjpe.com,1,ExtraHop/DGA-Detection-Training-Dataset,dga,ilufjpe,7,dga_le_10
ilwiiti.info,1,ExtraHop/DGA-Detection-Training-Dataset,dga,ilwiiti,7,dga_le_10
imdqbrquz.com,1,ExtraHop/DGA-Detection-Training-Dataset,dga,imdqbrquz,9,dga_le_10
imxblane.net,1,ExtraHop/DGA-Detection-Training-Dataset,dga,imxblane,8,dga_le_10
inuhebxl.com,1,ExtraHop/DGA-Detection-Training-Dataset,dga,inuhebxl,8,dga_le_10
iotkeir.org,1,ExtraHop/DGA-Detection-Training-Dataset,dga,iotkeir,7,dga_le_10
ipcqxha.com,1,ExtraHop/DGA-Detection-Training-Dataset,dga,ipcqxha,7,dga_le_10
ipytuxzsue.info,1,ExtraHop/DGA-Detection-Training-Dataset,dga,ipytuxzsue,10,dga_le_10
iqfhnta.com,1,ExtraHop/DGA-Detection-Training-Dataset,dga,iqfhnta,7,dga_le_10
iqgwimakgq.info,1,ExtraHop/DGA-Detection-Training-Dataset,dga,iqgwimakgq,10,dga_le_10
iqicqccqw.com,1,ExtraHop/DGA-Detection-Training-Dataset,dga,iqicqccqw,9,dga_le_10
iqkcgescmc.com,1,ExtraHop/DGA-Detection-Training-Dataset,dga,iqkcgescmc,10,dga_le_10
iqkwqsike.info,1,ExtraHop/DGA-Detection-Training-Dataset,dga,iqkwqsike,9,dga_le_10
iqsiland.net,1,ExtraHop/DGA-Detection-Training-Dataset,dga,iqsiland,8,dga_le_10
iqtvoul.net,1,ExtraHop/DGA-Detection-Training-Dataset,dga,iqtvoul,7,dga_le_10
isfcdw.org,1,ExtraHop/DGA-Detection-Training-Dataset,dga,isfcdw,6,dga_le_10
istcfkzoh.org,1,ExtraHop/DGA-Detection-Training-Dataset,dga,istcfkzoh,9,dga_le_10
ivddisru.info,1,ExtraHop/DGA-Detection-Training-Dataset,dga,ivddisru,8,dga_le_10
ixbglalqp.net,1,ExtraHop/DGA-Detection-Training-Dataset,dga,ixbglalqp,9,dga_le_10
ixpejwtllb.org,1,ExtraHop/DGA-Detection-Training-Dataset,dga,ixpejwtllb,10,dga_le_10
iyqgqarupm.net,1,ExtraHop/DGA-Detection-Training-Dataset,dga,iyqgqarupm,10,dga_le_10
iyzsnwzy.org,1,ExtraHop/DGA-Detection-Training-Dataset,dga,iyzsnwzy,8,dga_le_10
izvirshrqt.org,1,ExtraHop/DGA-Detection-Training-Dataset,dga,izvirshrqt,10,dga_le_10
jbhovndgdk.net,1,ExtraHop/DGA-Detection-Training-Dataset,dga,jbhovndgdk,10,dga_le_10
jbpmeowbhd.com,1,ExtraHop/DGA-Detection-Training-Dataset,dga,jbpmeowbhd,10,dga_le_10
jdkhball.net,1,ExtraHop/DGA-Detection-Training-Dataset,dga,jdkhball,8,dga_le_10
jecydidyl.net,1,ExtraHop/DGA-Detection-Training-Dataset,dga,jecydidyl,9,dga_le_10
jefywaxil.com,1,ExtraHop/DGA-Detection-Training-Dataset,dga,jefywaxil,9,dga_le_10
jenydenil.net,1,ExtraHop/DGA-Detection-Training-Dataset,dga,jenydenil,9,dga_le_10
jepo.org,1,ExtraHop/DGA-Detection-Training-Dataset,dga,jepo,4,dga_le_10
jfjecppj.org,1,ExtraHop/DGA-Detection-Training-Dataset,dga,jfjecppj,8,dga_le_10
jflmtruck.info,1,ExtraHop/DGA-Detection-Training-Dataset,dga,jflmtruck,9,dga_le_10
jfnjbq.org,1,ExtraHop/DGA-Detection-Training-Dataset,dga,jfnjbq,6,dga_le_10
jfsabmsp.net,1,ExtraHop/DGA-Detection-Training-Dataset,dga,jfsabmsp,8,dga_le_10
jfyjssjkjh.com,1,ExtraHop/DGA-Detection-Training-Dataset,dga,jfyjssjkjh,10,dga_le_10
jgjbppslmb.net,1,ExtraHop/DGA-Detection-Training-Dataset,dga,jgjbppslmb,10,dga_le_10
jgvtyecpd.com,1,ExtraHop/DGA-Detection-Training-Dataset,dga,jgvtyecpd,9,dga_le_10
jgxghzlwfl.org,1,ExtraHop/DGA-Detection-Training-Dataset,dga,jgxghzlwfl,10,dga_le_10
jibzpawxb.info,1,ExtraHop/DGA-Detection-Training-Dataset,dga,jibzpawxb,9,dga_le_10
jjcunfhtkn.org,1,ExtraHop/DGA-Detection-Training-Dataset,dga,jjcunfhtkn,10,dga_le_10
jkfoerdi.org,1,ExtraHop/DGA-Detection-Training-Dataset,dga,jkfoerdi,8,dga_le_10
jkwawhm.net,1,ExtraHop/DGA-Detection-Training-Dataset,dga,jkwawhm,7,dga_le_10
jloiwxam.info,1,ExtraHop/DGA-Detection-Training-Dataset,dga,jloiwxam,8,dga_le_10
jmujsbrrei.com,1,ExtraHop/DGA-Detection-Training-Dataset,dga,jmujsbrrei,10,dga_le_10
jmxjdpsa.info,1,ExtraHop/DGA-Detection-Training-Dataset,dga,jmxjdpsa,8,dga_le_10
jnenhsdiq.net,1,ExtraHop/DGA-Detection-Training-Dataset,dga,jnenhsdiq,9,dga_le_10
jnrwbavr.net,1,ExtraHop/DGA-Detection-Training-Dataset,dga,jnrwbavr,8,dga_le_10
jntlmen.com,1,ExtraHop/DGA-Detection-Training-Dataset,dga,jntlmen,7,dga_le_10
jnuocziprr.net,1,ExtraHop/DGA-Detection-Training-Dataset,dga,jnuocziprr,10,dga_le_10
jnvpmhcprf.net,1,ExtraHop/DGA-Detection-Training-Dataset,dga,jnvpmhcprf,10,dga_le_10
jnzfort.org,1,ExtraHop/DGA-Detection-Training-Dataset,dga,jnzfort,7,dga_le_10
joabzyd.info,1,ExtraHop/DGA-Detection-Training-Dataset,dga,joabzyd,7,dga_le_10
jottntsx.info,1,ExtraHop/DGA-Detection-Training-Dataset,dga,jottntsx,8,dga_le_10
jovsocj.net,1,ExtraHop/DGA-Detection-Training-Dataset,dga,jovsocj,7,dga_le_10
jpgjvtmgzx.org,1,ExtraHop/DGA-Detection-Training-Dataset,dga,jpgjvtmgzx,10,dga_le_10
jpwkbrth.org,1,ExtraHop/DGA-Detection-Training-Dataset,dga,jpwkbrth,8,dga_le_10
jpzjngeles.info,1,ExtraHop/DGA-Detection-Training-Dataset,dga,jpzjngeles,10,dga_le_10
jqjibdqj.com,1,ExtraHop/DGA-Detection-Training-Dataset,dga,jqjibdqj,8,dga_le_10
jrlivzdwi.org,1,ExtraHop/DGA-Detection-Training-Dataset,dga,jrlivzdwi,9,dga_le_10
jrrkrgkue.com,1,ExtraHop/DGA-Detection-Training-Dataset,dga,jrrkrgkue,9,dga_le_10
jsuidaqvvh.net,1,ExtraHop/DGA-Detection-Training-Dataset,dga,jsuidaqvvh,10,dga_le_10
jvgudozer.info,1,ExtraHop/DGA-Detection-Training-Dataset,dga,jvgudozer,9,dga_le_10
jwbmxabnkv.net,1,ExtraHop/DGA-Detection-Training-Dataset,dga,jwbmxabnkv,10,dga_le_10
jwgqfer.org,1,ExtraHop/DGA-Detection-Training-Dataset,dga,jwgqfer,7,dga_le_10
jwmzbazkv.info,1,ExtraHop/DGA-Detection-Training-Dataset,dga,jwmzbazkv,9,dga_le_10
jxiqmen.info,1,ExtraHop/DGA-Detection-Training-Dataset,dga,jxiqmen,7,dga_le_10
jxjsqgho.info,1,ExtraHop/DGA-Detection-Training-Dataset,dga,jxjsqgho,8,dga_le_10
jyjfllndj.info,1,ExtraHop/DGA-Detection-Training-Dataset,dga,jyjfllndj,9,dga_le_10
jynqix.info,1,ExtraHop/DGA-Detection-Training-Dataset,dga,jynqix,6,dga_le_10
jyuxfvumhs.info,1,ExtraHop/DGA-Detection-Training-Dataset,dga,jyuxfvumhs,10,dga_le_10
jzfnficjam.org,1,ExtraHop/DGA-Detection-Training-Dataset,dga,jzfnficjam,10,dga_le_10
jzrswalk.com,1,ExtraHop/DGA-Detection-Training-Dataset,dga,jzrswalk,8,dga_le_10
kaiklane.com,1,ExtraHop/DGA-Detection-Training-Dataset,dga,kaiklane,8,dga_le_10
kaociqomox.com,1,ExtraHop/DGA-Detection-Training-Dataset,dga,kaociqomox,10,dga_le_10
kawmbhetk.com,1,ExtraHop/DGA-Detection-Training-Dataset,dga,kawmbhetk,9,dga_le_10
keraj.org,1,ExtraHop/DGA-Detection-Training-Dataset,dga,keraj,5,dga_le_10
ketfnta.com,1,ExtraHop/DGA-Detection-Training-Dataset,dga,ketfnta,7,dga_le_10
khcdoqlfs.org,1,ExtraHop/DGA-Detection-Training-Dataset,dga,khcdoqlfs,9,dga_le_10
khjmctl.info,1,ExtraHop/DGA-Detection-Training-Dataset,dga,khjmctl,7,dga_le_10
kiqekglo.net,1,ExtraHop/DGA-Detection-Training-Dataset,dga,kiqekglo,8,dga_le_10
kirsball.com,1,ExtraHop/DGA-Detection-Training-Dataset,dga,kirsball,8,dga_le_10
kkcktce.info,1,ExtraHop/DGA-Detection-Training-Dataset,dga,kkcktce,7,dga_le_10
kksjejsi.com,1,ExtraHop/DGA-Detection-Training-Dataset,dga,kksjejsi,8,dga_le_10
kkzutgl.info,1,ExtraHop/DGA-Detection-Training-Dataset,dga,kkzutgl,7,dga_le_10
kmcyxv.net,1,ExtraHop/DGA-Detection-Training-Dataset,dga,kmcyxv,6,dga_le_10
kmnhkuogr.info,1,ExtraHop/DGA-Detection-Training-Dataset,dga,kmnhkuogr,9,dga_le_10
kolgtxtkvr.net,1,ExtraHop/DGA-Detection-Training-Dataset,dga,kolgtxtkvr,10,dga_le_10
kosgkflev.org,1,ExtraHop/DGA-Detection-Training-Dataset,dga,kosgkflev,9,dga_le_10
kouatfbpl.org,1,ExtraHop/DGA-Detection-Training-Dataset,dga,kouatfbpl,9,dga_le_10
kqfeop.info,1,ExtraHop/DGA-Detection-Training-Dataset,dga,kqfeop,6,dga_le_10
kraphcaxvi.org,1,ExtraHop/DGA-Detection-Training-Dataset,dga,kraphcaxvi,10,dga_le_10
kthqlmeq.org,1,ExtraHop/DGA-Detection-Training-Dataset,dga,kthqlmeq,8,dga_le_10
kudphz.org,1,ExtraHop/DGA-Detection-Training-Dataset,dga,kudphz,6,dga_le_10
kueewyec.net,1,ExtraHop/DGA-Detection-Training-Dataset,dga,kueewyec,8,dga_le_10
kuhlball.net,1,ExtraHop/DGA-Detection-Training-Dataset,dga,kuhlball,8,dga_le_10
kuiocbogiu.info,1,ExtraHop/DGA-Detection-Training-Dataset,dga,kuiocbogiu,10,dga_le_10
kuyiqqai.com,1,ExtraHop/DGA-Detection-Training-Dataset,dga,kuyiqqai,8,dga_le_10
kvhgpwzkp.org,1,ExtraHop/DGA-Detection-Training-Dataset,dga,kvhgpwzkp,9,dga_le_10
kwmcmen.net,1,ExtraHop/DGA-Detection-Training-Dataset,dga,kwmcmen,7,dga_le_10
kwqyosdnx.info,1,ExtraHop/DGA-Detection-Training-Dataset,dga,kwqyosdnx,9,dga_le_10
kwzxlane.info,1,ExtraHop/DGA-Detection-Training-Dataset,dga,kwzxlane,8,dga_le_10
kxjqaxee.info,1,ExtraHop/DGA-Detection-Training-Dataset,dga,kxjqaxee,8,dga_le_10
kyfelino.net,1,ExtraHop/DGA-Detection-Training-Dataset,dga,kyfelino,8,dga_le_10
kynsnedad.net,1,ExtraHop/DGA-Detection-Training-Dataset,dga,kynsnedad,9,dga_le_10
kyremera.com,1,ExtraHop/DGA-Detection-Training-Dataset,dga,kyremera,8,dga_le_10
kyvewyju.info,1,ExtraHop/DGA-Detection-Training-Dataset,dga,kyvewyju,8,dga_le_10
kzmmqaq.info,1,ExtraHop/DGA-Detection-Training-Dataset,dga,kzmmqaq,7,dga_le_10
kzpwce.com,1,ExtraHop/DGA-Detection-Training-Dataset,dga,kzpwce,6,dga_le_10
lavydt.net,1,ExtraHop/DGA-Detection-Training-Dataset,dga,lavydt,6,dga_le_10
lavynwdfd.org,1,ExtraHop/DGA-Detection-Training-Dataset,dga,lavynwdfd,9,dga_le_10
lbivuvjmkr.info,1,ExtraHop/DGA-Detection-Training-Dataset,dga,lbivuvjmkr,10,dga_le_10
lbjhop.com,1,ExtraHop/DGA-Detection-Training-Dataset,dga,lbjhop,6,dga_le_10
lbpztjpf.com,1,ExtraHop/DGA-Detection-Training-Dataset,dga,lbpztjpf,8,dga_le_10
lcdzlojz.net,1,ExtraHop/DGA-Detection-Training-Dataset,dga,lcdzlojz,8,dga_le_10
lckvlmkfzx.org,1,ExtraHop/DGA-Detection-Training-Dataset,dga,lckvlmkfzx,10,dga_le_10
ldxmbisai.com,1,ExtraHop/DGA-Detection-Training-Dataset,dga,ldxmbisai,9,dga_le_10
ledxdeluxl.info,1,ExtraHop/DGA-Detection-Training-Dataset,dga,ledxdeluxl,10,dga_le_10
lejgrelsh.info,1,ExtraHop/DGA-Detection-Training-Dataset,dga,lejgrelsh,9,dga_le_10
lelvzwt.org,1,ExtraHop/DGA-Detection-Training-Dataset,dga,lelvzwt,7,dga_le_10
lfmsficjam.net,1,ExtraHop/DGA-Detection-Training-Dataset,dga,lfmsficjam,10,dga_le_10
lftkayh.net,1,ExtraHop/DGA-Detection-Training-Dataset,dga,lftkayh,7,dga_le_10
lfvidix.org,1,ExtraHop/DGA-Detection-Training-Dataset,dga,lfvidix,7,dga_le_10
lgwrwzgdha.com,1,ExtraHop/DGA-Detection-Training-Dataset,dga,lgwrwzgdha,10,dga_le_10
lhihdiauh.com,1,ExtraHop/DGA-Detection-Training-Dataset,dga,lhihdiauh,9,dga_le_10
lhjknta.info,1,ExtraHop/DGA-Detection-Training-Dataset,dga,lhjknta,7,dga_le_10
ljtnslgd.net,1,ExtraHop/DGA-Detection-Training-Dataset,dga,ljtnslgd,8,dga_le_10
llyqxoph.org,1,ExtraHop/DGA-Detection-Training-Dataset,dga,llyqxoph,8,dga_le_10
lmmgumpsde.com,1,ExtraHop/DGA-Detection-Training-Dataset,dga,lmmgumpsde,10,dga_le_10
lokkokluha.org,1,ExtraHop/DGA-Detection-Training-Dataset,dga,lokkokluha,10,dga_le_10
lpcuork.org,1,ExtraHop/DGA-Detection-Training-Dataset,dga,lpcuork,7,dga_le_10
lpsqiego.org,1,ExtraHop/DGA-Detection-Training-Dataset,dga,lpsqiego,8,dga_le_10
lqkkpyf.info,1,ExtraHop/DGA-Detection-Training-Dataset,dga,lqkkpyf,7,dga_le_10
lsllnea.net,1,ExtraHop/DGA-Detection-Training-Dataset,dga,lsllnea,7,dga_le_10
lsnypam.net,1,ExtraHop/DGA-Detection-Training-Dataset,dga,lsnypam,7,dga_le_10
lswdpu.com,1,ExtraHop/DGA-Detection-Training-Dataset,dga,lswdpu,6,dga_le_10
ltjakjes.info,1,ExtraHop/DGA-Detection-Training-Dataset,dga,ltjakjes,8,dga_le_10
ltyxop.net,1,ExtraHop/DGA-Detection-Training-Dataset,dga,ltyxop,6,dga_le_10
luvpzchln.net,1,ExtraHop/DGA-Detection-Training-Dataset,dga,luvpzchln,9,dga_le_10
lvpeorgkv.net,1,ExtraHop/DGA-Detection-Training-Dataset,dga,lvpeorgkv,9,dga_le_10
lvunqhgnj.net,1,ExtraHop/DGA-Detection-Training-Dataset,dga,lvunqhgnj,9,dga_le_10
lvzzzztzzk.org,1,ExtraHop/DGA-Detection-Training-Dataset,dga,lvzzzztzzk,10,dga_le_10
lwstlpxc.org,1,ExtraHop/DGA-Detection-Training-Dataset,dga,lwstlpxc,8,dga_le_10
lwunvrbt.org,1,ExtraHop/DGA-Detection-Training-Dataset,dga,lwunvrbt,8,dga_le_10
lxearonqg.net,1,ExtraHop/DGA-Detection-Training-Dataset,dga,lxearonqg,9,dga_le_10
lxwbtmqul.com,1,ExtraHop/DGA-Detection-Training-Dataset,dga,lxwbtmqul,9,dga_le_10
lyebekch.com,1,ExtraHop/DGA-Detection-Training-Dataset,dga,lyebekch,8,dga_le_10
lygumodoxu.com,1,ExtraHop/DGA-Detection-Training-Dataset,dga,lygumodoxu,10,dga_le_10
lyguvyjixu.net,1,ExtraHop/DGA-Detection-Training-Dataset,dga,lyguvyjixu,10,dga_le_10
lyhrhwr.org,1,ExtraHop/DGA-Detection-Training-Dataset,dga,lyhrhwr,7,dga_le_10
lykygur.org,1,ExtraHop/DGA-Detection-Training-Dataset,dga,lykygur,7,dga_le_10
lyrujoxoxa.org,1,ExtraHop/DGA-Detection-Training-Dataset,dga,lyrujoxoxa,10,dga_le_10
lyslhdq.info,1,ExtraHop/DGA-Detection-Training-Dataset,dga,lyslhdq,7,dga_le_10
lyvugodyxu.net,1,ExtraHop/DGA-Detection-Training-Dataset,dga,lyvugodyxu,10,dga_le_10
lzlipbywdv.org,1,ExtraHop/DGA-Detection-Training-Dataset,dga,lzlipbywdv,10,dga_le_10
lzqverrari.org,1,ExtraHop/DGA-Detection-Training-Dataset,dga,lzqverrari,10,dga_le_10
magevici.info,1,ExtraHop/DGA-Detection-Training-Dataset,dga,magevici,8,dga_le_10
malmpgh.com,1,ExtraHop/DGA-Detection-Training-Dataset,dga,malmpgh,7,dga_le_10
mamwigrdt.net,1,ExtraHop/DGA-Detection-Training-Dataset,dga,mamwigrdt,9,dga_le_10
marutut.com,1,ExtraHop/DGA-Detection-Training-Dataset,dga,marutut,7,dga_le_10
mcnzwxuuif.com,1,ExtraHop/DGA-Detection-Training-Dataset,dga,mcnzwxuuif,10,dga_le_10
mdlkghl.info,1,ExtraHop/DGA-Detection-Training-Dataset,dga,mdlkghl,7,dga_le_10
mdwomcmgk.com,1,ExtraHop/DGA-Detection-Training-Dataset,dga,mdwomcmgk,9,dga_le_10
mdybadoav.org,1,ExtraHop/DGA-Detection-Training-Dataset,dga,mdybadoav,9,dga_le_10
meagdyr.net,1,ExtraHop/DGA-Detection-Training-Dataset,dga,meagdyr,7,dga_le_10
meatteach.info,1,ExtraHop/DGA-Detection-Training-Dataset,dga,meatteach,9,dga_le_10
mebsop.net,1,ExtraHop/DGA-Detection-Training-Dataset,dga,mebsop,6,dga_le_10
megfjs.org,1,ExtraHop/DGA-Detection-Training-Dataset,dga,megfjs,6,dga_le_10
mexyvqf.org,1,ExtraHop/DGA-Detection-Training-Dataset,dga,mexyvqf,7,dga_le_10
mezqpsv.com,1,ExtraHop/DGA-Detection-Training-Dataset,dga,mezqpsv,7,dga_le_10
mfpqjbeca.org,1,ExtraHop/DGA-Detection-Training-Dataset,dga,mfpqjbeca,9,dga_le_10
mfucsypfxp.org,1,ExtraHop/DGA-Detection-Training-Dataset,dga,mfucsypfxp,10,dga_le_10
mghmiudji.info,1,ExtraHop/DGA-Detection-Training-Dataset,dga,mghmiudji,9,dga_le_10
mhbotmelkm.com,1,ExtraHop/DGA-Detection-Training-Dataset,dga,mhbotmelkm,10,dga_le_10
mioaerrari.info,1,ExtraHop/DGA-Detection-Training-Dataset,dga,mioaerrari,10,dga_le_10
miotensyol.com,1,ExtraHop/DGA-Detection-Training-Dataset,dga,miotensyol,10,dga_le_10
mkdknta.net,1,ExtraHop/DGA-Detection-Training-Dataset,dga,mkdknta,7,dga_le_10
mkpgpfs.org,1,ExtraHop/DGA-Detection-Training-Dataset,dga,mkpgpfs,7,dga_le_10
mloluvpfw.net,1,ExtraHop/DGA-Detection-Training-Dataset,dga,mloluvpfw,9,dga_le_10
mmkwhrbim.info,1,ExtraHop/DGA-Detection-Training-Dataset,dga,mmkwhrbim,9,dga_le_10
mmoixgndtl.org,1,ExtraHop/DGA-Detection-Training-Dataset,dga,mmoixgndtl,10,dga_le_10
mnjxxvvvg.org,1,ExtraHop/DGA-Detection-Training-Dataset,dga,mnjxxvvvg,9,dga_le_10
mnyajcpd.net,1,ExtraHop/DGA-Detection-Training-Dataset,dga,mnyajcpd,8,dga_le_10
mpfhcsrjum.org,1,ExtraHop/DGA-Detection-Training-Dataset,dga,mpfhcsrjum,10,dga_le_10
mpudju.info,1,ExtraHop/DGA-Detection-Training-Dataset,dga,mpudju,6,dga_le_10
mqgted8765.info,1,ExtraHop/DGA-Detection-Training-Dataset,dga,mqgted8765,10,dga_le_10
mqnawd.com,1,ExtraHop/DGA-Detection-Training-Dataset,dga,mqnawd,6,dga_le_10
mqqqnllicg.com,1,ExtraHop/DGA-Detection-Training-Dataset,dga,mqqqnllicg,10,dga_le_10
mrvejgkif.net,1,ExtraHop/DGA-Detection-Training-Dataset,dga,mrvejgkif,9,dga_le_10
mtuxczloi.info,1,ExtraHop/DGA-Detection-Training-Dataset,dga,mtuxczloi,9,dga_le_10
muggsz.org,1,ExtraHop/DGA-Detection-Training-Dataset,dga,muggsz,6,dga_le_10
mumjrqarmi.org,1,ExtraHop/DGA-Detection-Training-Dataset,dga,mumjrqarmi,10,dga_le_10
muneficjam.com,1,ExtraHop/DGA-Detection-Training-Dataset,dga,muneficjam,10,dga_le_10
mvhyft.org,1,ExtraHop/DGA-Detection-Training-Dataset,dga,mvhyft,6,dga_le_10
mwsklane.info,1,ExtraHop/DGA-Detection-Training-Dataset,dga,mwsklane,8,dga_le_10
myayevd.net,1,ExtraHop/DGA-Detection-Training-Dataset,dga,myayevd,7,dga_le_10
mykqgksmcw.org,1,ExtraHop/DGA-Detection-Training-Dataset,dga,mykqgksmcw,10,dga_le_10
myvcbgj.info,1,ExtraHop/DGA-Detection-Training-Dataset,dga,myvcbgj,7,dga_le_10
mywqtycsh.org,1,ExtraHop/DGA-Detection-Training-Dataset,dga,mywqtycsh,9,dga_le_10
myyacesk.org,1,ExtraHop/DGA-Detection-Training-Dataset,dga,myyacesk,8,dga_le_10
nafytetug.com,1,ExtraHop/DGA-Detection-Training-Dataset,dga,nafytetug,9,dga_le_10
najycetyg.net,1,ExtraHop/DGA-Detection-Training-Dataset,dga,najycetyg,9,dga_le_10
namymucig.net,1,ExtraHop/DGA-Detection-Training-Dataset,dga,namymucig,9,dga_le_10
namysucag.info,1,ExtraHop/DGA-Detection-Training-Dataset,dga,namysucag,9,dga_le_10
naohvesh.org,1,ExtraHop/DGA-Detection-Training-Dataset,dga,naohvesh,8,dga_le_10
narybukug.net,1,ExtraHop/DGA-Detection-Training-Dataset,dga,narybukug,9,dga_le_10
naryjuceg.org,1,ExtraHop/DGA-Detection-Training-Dataset,dga,naryjuceg,9,dga_le_10
nazydofig.com,1,ExtraHop/DGA-Detection-Training-Dataset,dga,nazydofig,9,dga_le_10
nbwmphoyva.com,1,ExtraHop/DGA-Detection-Training-Dataset,dga,nbwmphoyva,10,dga_le_10
nciabujlx.org,1,ExtraHop/DGA-Detection-Training-Dataset,dga,nciabujlx,9,dga_le_10
ncldbttwbp.net,1,ExtraHop/DGA-Detection-Training-Dataset,dga,ncldbttwbp,10,dga_le_10
nddscitc.com,1,ExtraHop/DGA-Detection-Training-Dataset,dga,nddscitc,8,dga_le_10
ndfebl.net,1,ExtraHop/DGA-Detection-Training-Dataset,dga,ndfebl,6,dga_le_10
nfbfqcey.net,1,ExtraHop/DGA-Detection-Training-Dataset,dga,nfbfqcey,8,dga_le_10
nfrfbsbrbu.org,1,ExtraHop/DGA-Detection-Training-Dataset,dga,nfrfbsbrbu,10,dga_le_10
ngjcxqjgz.com,1,ExtraHop/DGA-Detection-Training-Dataset,dga,ngjcxqjgz,9,dga_le_10
ngkqcz.net,1,ExtraHop/DGA-Detection-Training-Dataset,dga,ngkqcz,6,dga_le_10
nguqhwyyyu.net,1,ExtraHop/DGA-Detection-Training-Dataset,dga,nguqhwyyyu,10,dga_le_10
nhplowen.net,1,ExtraHop/DGA-Detection-Training-Dataset,dga,nhplowen,8,dga_le_10
nihfeiovr.org,1,ExtraHop/DGA-Detection-Training-Dataset,dga,nihfeiovr,9,dga_le_10
nkbpxcxu.info,1,ExtraHop/DGA-Detection-Training-Dataset,dga,nkbpxcxu,8,dga_le_10
nkmqzbzmyk.com,1,ExtraHop/DGA-Detection-Training-Dataset,dga,nkmqzbzmyk,10,dga_le_10
nkpydphayj.info,1,ExtraHop/DGA-Detection-Training-Dataset,dga,nkpydphayj,10,dga_le_10
nljhlane.info,1,ExtraHop/DGA-Detection-Training-Dataset,dga,nljhlane,8,dga_le_10
nmiqsekdxy.net,1,ExtraHop/DGA-Detection-Training-Dataset,dga,nmiqsekdxy,10,dga_le_10
nppaftarg.com,1,ExtraHop/DGA-Detection-Training-Dataset,dga,nppaftarg,9,dga_le_10
npxzerrari.org,1,ExtraHop/DGA-Detection-Training-Dataset,dga,npxzerrari,10,dga_le_10
nrbknxpsd.com,1,ExtraHop/DGA-Detection-Training-Dataset,dga,nrbknxpsd,9,dga_le_10
nrjdyo.org,1,ExtraHop/DGA-Detection-Training-Dataset,dga,nrjdyo,6,dga_le_10
nrsjort.com,1,ExtraHop/DGA-Detection-Training-Dataset,dga,nrsjort,7,dga_le_10
nuhula.net,1,ExtraHop/DGA-Detection-Training-Dataset,dga,nuhula,6,dga_le_10
nwhvgoqdao.info,1,ExtraHop/DGA-Detection-Training-Dataset,dga,nwhvgoqdao,10,dga_le_10
nwxedl.net,1,ExtraHop/DGA-Detection-Training-Dataset,dga,nwxedl,6,dga_le_10
nwxohoa.info,1,ExtraHop/DGA-Detection-Training-Dataset,dga,nwxohoa,7,dga_le_10
nxmamen.info,1,ExtraHop/DGA-Detection-Training-Dataset,dga,nxmamen,7,dga_le_10
nxucstring.com,1,ExtraHop/DGA-Detection-Training-Dataset,dga,nxucstring,10,dga_le_10
nytefkl.org,1,ExtraHop/DGA-Detection-Training-Dataset,dga,nytefkl,7,dga_le_10
nytydxcnnm.net,1,ExtraHop/DGA-Detection-Training-Dataset,dga,nytydxcnnm,10,dga_le_10
nzbkfgq.net,1,ExtraHop/DGA-Detection-Training-Dataset,dga,nzbkfgq,7,dga_le_10
oablvvgn.info,1,ExtraHop/DGA-Detection-Training-Dataset,dga,oablvvgn,8,dga_le_10
ociaqex.info,1,ExtraHop/DGA-Detection-Training-Dataset,dga,ociaqex,7,dga_le_10
ocmkuaqi.net,1,ExtraHop/DGA-Detection-Training-Dataset,dga,ocmkuaqi,8,dga_le_10
ocpway.info,1,ExtraHop/DGA-Detection-Training-Dataset,dga,ocpway,6,dga_le_10
ocykquoko.org,1,ExtraHop/DGA-Detection-Training-Dataset,dga,ocykquoko,9,dga_le_10
oddlxsr.info,1,ExtraHop/DGA-Detection-Training-Dataset,dga,oddlxsr,7,dga_le_10
oeqpakc.info,1,ExtraHop/DGA-Detection-Training-Dataset,dga,oeqpakc,7,dga_le_10
oetwbvvg.net,1,ExtraHop/DGA-Detection-Training-Dataset,dga,oetwbvvg,8,dga_le_10
oevfnyxux.net,1,ExtraHop/DGA-Detection-Training-Dataset,dga,oevfnyxux,9,dga_le_10
ofnedak.net,1,ExtraHop/DGA-Detection-Training-Dataset,dga,ofnedak,7,dga_le_10
ogcayaeqec.info,1,ExtraHop/DGA-Detection-Training-Dataset,dga,ogcayaeqec,10,dga_le_10
ogfhball.net,1,ExtraHop/DGA-Detection-Training-Dataset,dga,ogfhball,8,dga_le_10
ogwoopcomp.com,1,ExtraHop/DGA-Detection-Training-Dataset,dga,ogwoopcomp,10,dga_le_10
ohnfcvzkg.info,1,ExtraHop/DGA-Detection-Training-Dataset,dga,ohnfcvzkg,9,dga_le_10
oikstruck.org,1,ExtraHop/DGA-Detection-Training-Dataset,dga,oikstruck,9,dga_le_10
okvmment.net,1,ExtraHop/DGA-Detection-Training-Dataset,dga,okvmment,8,dga_le_10
olqrdznk.org,1,ExtraHop/DGA-Detection-Training-Dataset,dga,olqrdznk,8,dga_le_10
onbgnbjnsb.com,1,ExtraHop/DGA-Detection-Training-Dataset,dga,onbgnbjnsb,10,dga_le_10
onidqvyoa.info,1,ExtraHop/DGA-Detection-Training-Dataset,dga,onidqvyoa,9,dga_le_10
oopyficjam.com,1,ExtraHop/DGA-Detection-Training-Dataset,dga,oopyficjam,10,dga_le_10
ooufgyv.info,1,ExtraHop/DGA-Detection-Training-Dataset,dga,ooufgyv,7,dga_le_10
ordbmtusl.info,1,ExtraHop/DGA-Detection-Training-Dataset,dga,ordbmtusl,9,dga_le_10
owmylrg.com,1,ExtraHop/DGA-Detection-Training-Dataset,dga,owmylrg,7,dga_le_10
owtokuhq.net,1,ExtraHop/DGA-Detection-Training-Dataset,dga,owtokuhq,8,dga_le_10
owvrwkp.net,1,ExtraHop/DGA-Detection-Training-Dataset,dga,owvrwkp,7,dga_le_10
owydytrain.info,1,ExtraHop/DGA-Detection-Training-Dataset,dga,owydytrain,10,dga_le_10
oyexildrxq.info,1,ExtraHop/DGA-Detection-Training-Dataset,dga,oyexildrxq,10,dga_le_10
pagagcyeo.org,1,ExtraHop/DGA-Detection-Training-Dataset,dga,pagagcyeo,9,dga_le_10
parktqhcx.com,1,ExtraHop/DGA-Detection-Training-Dataset,dga,parktqhcx,9,dga_le_10
pbeecukufm.info,1,ExtraHop/DGA-Detection-Training-Dataset,dga,pbeecukufm,10,dga_le_10
pbgupnuk.com,1,ExtraHop/DGA-Detection-Training-Dataset,dga,pbgupnuk,8,dga_le_10
pbozavjh.info,1,ExtraHop/DGA-Detection-Training-Dataset,dga,pbozavjh,8,dga_le_10
pbqfficjam.info,1,ExtraHop/DGA-Detection-Training-Dataset,dga,pbqfficjam,10,dga_le_10
pcgwtoi.com,1,ExtraHop/DGA-Detection-Training-Dataset,dga,pcgwtoi,7,dga_le_10
pdahkbholz.info,1,ExtraHop/DGA-Detection-Training-Dataset,dga,pdahkbholz,10,dga_le_10
pddjment.info,1,ExtraHop/DGA-Detection-Training-Dataset,dga,pddjment,8,dga_le_10
pekcqafye.com,1,ExtraHop/DGA-Detection-Training-Dataset,dga,pekcqafye,9,dga_le_10
pifjdur.org,1,ExtraHop/DGA-Detection-Training-Dataset,dga,pifjdur,7,dga_le_10
pjgmsvggvh.net,1,ExtraHop/DGA-Detection-Training-Dataset,dga,pjgmsvggvh,10,dga_le_10
pjpqwatk.com,1,ExtraHop/DGA-Detection-Training-Dataset,dga,pjpqwatk,8,dga_le_10
pkfdlznq.info,1,ExtraHop/DGA-Detection-Training-Dataset,dga,pkfdlznq,8,dga_le_10
pkittdw.info,1,ExtraHop/DGA-Detection-Training-Dataset,dga,pkittdw,7,dga_le_10
pltylane.net,1,ExtraHop/DGA-Detection-Training-Dataset,dga,pltylane,8,dga_le_10
pmeadoceh.org,1,ExtraHop/DGA-Detection-Training-Dataset,dga,pmeadoceh,9,dga_le_10
pnnypd.info,1,ExtraHop/DGA-Detection-Training-Dataset,dga,pnnypd,6,dga_le_10
pntohdpuqf.org,1,ExtraHop/DGA-Detection-Training-Dataset,dga,pntohdpuqf,10,dga_le_10
pppdrdnb.org,1,ExtraHop/DGA-Detection-Training-Dataset,dga,pppdrdnb,8,dga_le_10
pqfcpq.info,1,ExtraHop/DGA-Detection-Training-Dataset,dga,pqfcpq,6,dga_le_10
prefotid.info,1,ExtraHop/DGA-Detection-Training-Dataset,dga,prefotid,8,dga_le_10
prisbriwko.org,1,ExtraHop/DGA-Detection-Training-Dataset,dga,prisbriwko,10,dga_le_10
prsierrari.info,1,ExtraHop/DGA-Detection-Training-Dataset,dga,prsierrari,10,dga_le_10
ptqfdhx.info,1,ExtraHop/DGA-Detection-Training-Dataset,dga,ptqfdhx,7,dga_le_10
pufuweliny.org,1,ExtraHop/DGA-Detection-Training-Dataset,dga,pufuweliny,10,dga_le_10
pujupuluna.org,1,ExtraHop/DGA-Detection-Training-Dataset,dga,pujupuluna,10,dga_le_10
puvuciqenu.org,1,ExtraHop/DGA-Detection-Training-Dataset,dga,puvuciqenu,10,dga_le_10
puvudypunu.com,1,ExtraHop/DGA-Detection-Training-Dataset,dga,puvudypunu,10,dga_le_10
puvycip.info,1,ExtraHop/DGA-Detection-Training-Dataset,dga,puvycip,7,dga_le_10
puwucyvino.com,1,ExtraHop/DGA-Detection-Training-Dataset,dga,puwucyvino,10,dga_le_10
pvcofxa.info,1,ExtraHop/DGA-Detection-Training-Dataset,dga,pvcofxa,7,dga_le_10
pxfperrari.info,1,ExtraHop/DGA-Detection-Training-Dataset,dga,pxfperrari,10,dga_le_10
pxjjop.info,1,ExtraHop/DGA-Detection-Training-Dataset,dga,pxjjop,6,dga_le_10
pztnnta.info,1,ExtraHop/DGA-Detection-Training-Dataset,dga,pztnnta,7,dga_le_10
qaduetball.org,1,ExtraHop/DGA-Detection-Training-Dataset,dga,qaduetball,10,dga_le_10
qahhngeles.info,1,ExtraHop/DGA-Detection-Training-Dataset,dga,qahhngeles,10,dga_le_10
qccydhcl.org,1,ExtraHop/DGA-Detection-Training-Dataset,dga,qccydhcl,8,dga_le_10
qcdjtsdyn.org,1,ExtraHop/DGA-Detection-Training-Dataset,dga,qcdjtsdyn,9,dga_le_10
qcdoa1008.com,1,ExtraHop/DGA-Detection-Training-Dataset,dga,qcdoa1008,9,dga_le_10
qebyngeles.com,1,ExtraHop/DGA-Detection-Training-Dataset,dga,qebyngeles,10,dga_le_10
qeguligoju.org,1,ExtraHop/DGA-Detection-Training-Dataset,dga,qeguligoju,10,dga_le_10
qesuloqejo.org,1,ExtraHop/DGA-Detection-Training-Dataset,dga,qesuloqejo,10,dga_le_10
qesusivajo.com,1,ExtraHop/DGA-Detection-Training-Dataset,dga,qesusivajo,10,dga_le_10
qexasul.com,1,ExtraHop/DGA-Detection-Training-Dataset,dga,qexasul,7,dga_le_10
qexukyguja.info,1,ExtraHop/DGA-Detection-Training-Dataset,dga,qexukyguja,10,dga_le_10
qfohrufl.com,1,ExtraHop/DGA-Detection-Training-Dataset,dga,qfohrufl,8,dga_le_10
qgckgwkk.org,1,ExtraHop/DGA-Detection-Training-Dataset,dga,qgckgwkk,8,dga_le_10
qgkmrxjoc.com,1,ExtraHop/DGA-Detection-Training-Dataset,dga,qgkmrxjoc,9,dga_le_10
qgmmcooes.info,1,ExtraHop/DGA-Detection-Training-Dataset,dga,qgmmcooes,9,dga_le_10
qgprmen.org,1,ExtraHop/DGA-Detection-Training-Dataset,dga,qgprmen,7,dga_le_10
qgqgiuyc.info,1,ExtraHop/DGA-Detection-Training-Dataset,dga,qgqgiuyc,8,dga_le_10
qgummwosu.com,1,ExtraHop/DGA-Detection-Training-Dataset,dga,qgummwosu,9,dga_le_10
qgwsyuoeg.com,1,ExtraHop/DGA-Detection-Training-Dataset,dga,qgwsyuoeg,9,dga_le_10
qhrcnsl.com,1,ExtraHop/DGA-Detection-Training-Dataset,dga,qhrcnsl,7,dga_le_10
qiougxt.org,1,ExtraHop/DGA-Detection-Training-Dataset,dga,qiougxt,7,dga_le_10
qipwec.net,1,ExtraHop/DGA-Detection-Training-Dataset,dga,qipwec,6,dga_le_10
qisqdgpgj.com,1,ExtraHop/DGA-Detection-Training-Dataset,dga,qisqdgpgj,9,dga_le_10
qjndpdga.com,1,ExtraHop/DGA-Detection-Training-Dataset,dga,qjndpdga,8,dga_le_10
qlgllimiw.org,1,ExtraHop/DGA-Detection-Training-Dataset,dga,qlgllimiw,9,dga_le_10
qosszeo.com,1,ExtraHop/DGA-Detection-Training-Dataset,dga,qosszeo,7,dga_le_10
qqwyfnh.org,1,ExtraHop/DGA-Detection-Training-Dataset,dga,qqwyfnh,7,dga_le_10
qrqiuxc.org,1,ExtraHop/DGA-Detection-Training-Dataset,dga,qrqiuxc,7,dga_le_10
qtoxgli.com,1,ExtraHop/DGA-Detection-Training-Dataset,dga,qtoxgli,7,dga_le_10
qughsign.org,1,ExtraHop/DGA-Detection-Training-Dataset,dga,qughsign,8,dga_le_10
quroleuq.info,1,ExtraHop/DGA-Detection-Training-Dataset,dga,quroleuq,8,dga_le_10
qurtriq.com,1,ExtraHop/DGA-Detection-Training-Dataset,dga,qurtriq,7,dga_le_10
qvxfwvfm.com,1,ExtraHop/DGA-Detection-Training-Dataset,dga,qvxfwvfm,8,dga_le_10
qwppcuqp.org,1,ExtraHop/DGA-Detection-Training-Dataset,dga,qwppcuqp,8,dga_le_10
qwxibqkt.com,1,ExtraHop/DGA-Detection-Training-Dataset,dga,qwxibqkt,8,dga_le_10
qwyoiego.com,1,ExtraHop/DGA-Detection-Training-Dataset,dga,qwyoiego,8,dga_le_10
rabgowj.com,1,ExtraHop/DGA-Detection-Training-Dataset,dga,rabgowj,7,dga_le_10
rahwlkn.com,1,ExtraHop/DGA-Detection-Training-Dataset,dga,rahwlkn,7,dga_le_10
rangvkgaa.info,1,ExtraHop/DGA-Detection-Training-Dataset,dga,rangvkgaa,9,dga_le_10
rbibmen.info,1,ExtraHop/DGA-Detection-Training-Dataset,dga,rbibmen,7,dga_le_10
rcykqmbux.org,1,ExtraHop/DGA-Detection-Training-Dataset,dga,rcykqmbux,9,dga_le_10
rdkaacivic.com,1,ExtraHop/DGA-Detection-Training-Dataset,dga,rdkaacivic,10,dga_le_10
rduclane.com,1,ExtraHop/DGA-Detection-Training-Dataset,dga,rduclane,8,dga_le_10
rdusiego.net,1,ExtraHop/DGA-Detection-Training-Dataset,dga,rdusiego,8,dga_le_10
rjciyglr.net,1,ExtraHop/DGA-Detection-Training-Dataset,dga,rjciyglr,8,dga_le_10
rjdhball.com,1,ExtraHop/DGA-Detection-Training-Dataset,dga,rjdhball,8,dga_le_10
rjpgtruck.org,1,ExtraHop/DGA-Detection-Training-Dataset,dga,rjpgtruck,9,dga_le_10
rknjuq.info,1,ExtraHop/DGA-Detection-Training-Dataset,dga,rknjuq,6,dga_le_10
rlnnjkhq.info,1,ExtraHop/DGA-Detection-Training-Dataset,dga,rlnnjkhq,8,dga_le_10
rlnrsdra.org,1,ExtraHop/DGA-Detection-Training-Dataset,dga,rlnrsdra,8,dga_le_10
rmjafmd.info,1,ExtraHop/DGA-Detection-Training-Dataset,dga,rmjafmd,7,dga_le_10
rnekland.org,1,ExtraHop/DGA-Detection-Training-Dataset,dga,rnekland,8,dga_le_10
roqanokho.info,1,ExtraHop/DGA-Detection-Training-Dataset,dga,roqanokho,9,dga_le_10
rphdrkjoen.com,1,ExtraHop/DGA-Detection-Training-Dataset,dga,rphdrkjoen,10,dga_le_10
rpkauferd.org,1,ExtraHop/DGA-Detection-Training-Dataset,dga,rpkauferd,9,dga_le_10
rpoyngeles.net,1,ExtraHop/DGA-Detection-Training-Dataset,dga,rpoyngeles,10,dga_le_10
rprcfnjz.com,1,ExtraHop/DGA-Detection-Training-Dataset,dga,rprcfnjz,8,dga_le_10
rshjbmj.org,1,ExtraHop/DGA-Detection-Training-Dataset,dga,rshjbmj,7,dga_le_10
rstddwwa.info,1,ExtraHop/DGA-Detection-Training-Dataset,dga,rstddwwa,8,dga_le_10
rtjdewrt.com,1,ExtraHop/DGA-Detection-Training-Dataset,dga,rtjdewrt,8,dga_le_10
rudwnnisce.com,1,ExtraHop/DGA-Detection-Training-Dataset,dga,rudwnnisce,10,dga_le_10
rvsewalk.net,1,ExtraHop/DGA-Detection-Training-Dataset,dga,rvsewalk,8,dga_le_10
rvsggtdnee.net,1,ExtraHop/DGA-Detection-Training-Dataset,dga,rvsggtdnee,10,dga_le_10
rwhvgt.info,1,ExtraHop/DGA-Detection-Training-Dataset,dga,rwhvgt,6,dga_le_10
rxiabm.com,1,ExtraHop/DGA-Detection-Training-Dataset,dga,rxiabm,6,dga_le_10
rxlxort.org,1,ExtraHop/DGA-Detection-Training-Dataset,dga,rxlxort,7,dga_le_10
rxvjfnkg.info,1,ExtraHop/DGA-Detection-Training-Dataset,dga,rxvjfnkg,8,dga_le_10
rybfdwxya.net,1,ExtraHop/DGA-Detection-Training-Dataset,dga,rybfdwxya,9,dga_le_10
rycyzaquv.org,1,ExtraHop/DGA-Detection-Training-Dataset,dga,rycyzaquv,9,dga_le_10
ryhyhoqev.net,1,ExtraHop/DGA-Detection-Training-Dataset,dga,ryhyhoqev,9,dga_le_10
ryhykiqyv.info,1,ExtraHop/DGA-Detection-Training-Dataset,dga,ryhykiqyv,9,dga_le_10
ryrsbrgrs.com,1,ExtraHop/DGA-Detection-Training-Dataset,dga,ryrsbrgrs,9,dga_le_10
rytypeqiv.info,1,ExtraHop/DGA-Detection-Training-Dataset,dga,rytypeqiv,9,dga_le_10
rzpokimzlg.com,1,ExtraHop/DGA-Detection-Training-Dataset,dga,rzpokimzlg,10,dga_le_10
sausa1008.net,1,ExtraHop/DGA-Detection-Training-Dataset,dga,sausa1008,9,dga_le_10
sccolane.org,1,ExtraHop/DGA-Detection-Training-Dataset,dga,sccolane,8,dga_le_10
scxhfcuctn.info,1,ExtraHop/DGA-Detection-Training-Dataset,dga,scxhfcuctn,10,dga_le_10
sdbpzmujuk.info,1,ExtraHop/DGA-Detection-Training-Dataset,dga,sdbpzmujuk,10,dga_le_10
sdqovrpm.info,1,ExtraHop/DGA-Detection-Training-Dataset,dga,sdqovrpm,8,dga_le_10
secdsxbnx.net,1,ExtraHop/DGA-Detection-Training-Dataset,dga,secdsxbnx,9,dga_le_10
sergolice.info,1,ExtraHop/DGA-Detection-Training-Dataset,dga,sergolice,9,dga_le_10
sgkyball.net,1,ExtraHop/DGA-Detection-Training-Dataset,dga,sgkyball,8,dga_le_10
shpmpyaysj.net,1,ExtraHop/DGA-Detection-Training-Dataset,dga,shpmpyaysj,10,dga_le_10
signthank.net,1,ExtraHop/DGA-Detection-Training-Dataset,dga,signthank,9,dga_le_10
simobos.org,1,ExtraHop/DGA-Detection-Training-Dataset,dga,simobos,7,dga_le_10
sirovib.net,1,ExtraHop/DGA-Detection-Training-Dataset,dga,sirovib,7,dga_le_10
siwbtment.net,1,ExtraHop/DGA-Detection-Training-Dataset,dga,siwbtment,9,dga_le_10
skassuym.net,1,ExtraHop/DGA-Detection-Training-Dataset,dga,skassuym,8,dga_le_10
skcceauok.net,1,ExtraHop/DGA-Detection-Training-Dataset,dga,skcceauok,9,dga_le_10
skkieymy.net,1,ExtraHop/DGA-Detection-Training-Dataset,dga,skkieymy,8,dga_le_10
skojtle.org,1,ExtraHop/DGA-Detection-Training-Dataset,dga,skojtle,7,dga_le_10
skugekoewu.net,1,ExtraHop/DGA-Detection-Training-Dataset,dga,skugekoewu,10,dga_le_10
skyeocqu.info,1,ExtraHop/DGA-Detection-Training-Dataset,dga,skyeocqu,8,dga_le_10
slcevieej.org,1,ExtraHop/DGA-Detection-Training-Dataset,dga,slcevieej,9,dga_le_10
slpghcgs.net,1,ExtraHop/DGA-Detection-Training-Dataset,dga,slpghcgs,8,dga_le_10
snziqgmty.org,1,ExtraHop/DGA-Detection-Training-Dataset,dga,snziqgmty,9,dga_le_10
sorivktob.org,1,ExtraHop/DGA-Detection-Training-Dataset,dga,sorivktob,9,dga_le_10
sosuetball.net,1,ExtraHop/DGA-Detection-Training-Dataset,dga,sosuetball,10,dga_le_10
soxgcoet.com,1,ExtraHop/DGA-Detection-Training-Dataset,dga,soxgcoet,8,dga_le_10
srebatkutx.com,1,ExtraHop/DGA-Detection-Training-Dataset,dga,srebatkutx,10,dga_le_10
ssgcagec.info,1,ExtraHop/DGA-Detection-Training-Dataset,dga,ssgcagec,8,dga_le_10
ssieec.net,1,ExtraHop/DGA-Detection-Training-Dataset,dga,ssieec,6,dga_le_10
ssinwvyti.com,1,ExtraHop/DGA-Detection-Training-Dataset,dga,ssinwvyti,9,dga_le_10
sthhbfjj.com,1,ExtraHop/DGA-Detection-Training-Dataset,dga,sthhbfjj,8,dga_le_10
stickscene.net,1,ExtraHop/DGA-Detection-Training-Dataset,dga,stickscene,10,dga_le_10
stkvvbqduu.com,1,ExtraHop/DGA-Detection-Training-Dataset,dga,stkvvbqduu,10,dga_le_10
stxrjnp.info,1,ExtraHop/DGA-Detection-Training-Dataset,dga,stxrjnp,7,dga_le_10
sudha1008.org,1,ExtraHop/DGA-Detection-Training-Dataset,dga,sudha1008,9,dga_le_10
suevwaai.net,1,ExtraHop/DGA-Detection-Training-Dataset,dga,suevwaai,8,dga_le_10
sukmball.com,1,ExtraHop/DGA-Detection-Training-Dataset,dga,sukmball,8,dga_le_10
sumpact.com,1,ExtraHop/DGA-Detection-Training-Dataset,dga,sumpact,7,dga_le_10
suvaqsm.info,1,ExtraHop/DGA-Detection-Training-Dataset,dga,suvaqsm,7,dga_le_10
svewsue.com,1,ExtraHop/DGA-Detection-Training-Dataset,dga,svewsue,7,dga_le_10
swfzetball.org,1,ExtraHop/DGA-Detection-Training-Dataset,dga,swfzetball,10,dga_le_10
swjedozer.org,1,ExtraHop/DGA-Detection-Training-Dataset,dga,swjedozer,9,dga_le_10
swyopceej.org,1,ExtraHop/DGA-Detection-Training-Dataset,dga,swyopceej,9,dga_le_10
sxcjpowoci.net,1,ExtraHop/DGA-Detection-Training-Dataset,dga,sxcjpowoci,10,dga_le_10
tacjgbl.org,1,ExtraHop/DGA-Detection-Training-Dataset,dga,tacjgbl,7,dga_le_10
tbdhjavstw.org,1,ExtraHop/DGA-Detection-Training-Dataset,dga,tbdhjavstw,10,dga_le_10
tdbihcwxy.net,1,ExtraHop/DGA-Detection-Training-Dataset,dga,tdbihcwxy,9,dga_le_10
tdrvcwebzh.org,1,ExtraHop/DGA-Detection-Training-Dataset,dga,tdrvcwebzh,10,dga_le_10
tdumoyyd.com,1,ExtraHop/DGA-Detection-Training-Dataset,dga,tdumoyyd,8,dga_le_10
tdyvasoxp.com,1,ExtraHop/DGA-Detection-Training-Dataset,dga,tdyvasoxp,9,dga_le_10
teqcyej.net,1,ExtraHop/DGA-Detection-Training-Dataset,dga,teqcyej,7,dga_le_10
teselojzko.info,1,ExtraHop/DGA-Detection-Training-Dataset,dga,teselojzko,10,dga_le_10
tfghngeles.net,1,ExtraHop/DGA-Detection-Training-Dataset,dga,tfghngeles,10,dga_le_10
tfqblane.com,1,ExtraHop/DGA-Detection-Training-Dataset,dga,tfqblane,8,dga_le_10
tfqhment.org,1,ExtraHop/DGA-Detection-Training-Dataset,dga,tfqhment,8,dga_le_10
tgdfywhst.org,1,ExtraHop/DGA-Detection-Training-Dataset,dga,tgdfywhst,9,dga_le_10
tgnmiqv.net,1,ExtraHop/DGA-Detection-Training-Dataset,dga,tgnmiqv,7,dga_le_10
thartruck.info,1,ExtraHop/DGA-Detection-Training-Dataset,dga,thartruck,9,dga_le_10
thghvizka.com,1,ExtraHop/DGA-Detection-Training-Dataset,dga,thghvizka,9,dga_le_10
titysdet.net,1,ExtraHop/DGA-Detection-Training-Dataset,dga,titysdet,8,dga_le_10
tjoqokjxo.info,1,ExtraHop/DGA-Detection-Training-Dataset,dga,tjoqokjxo,9,dga_le_10
tkwfgbuft.org,1,ExtraHop/DGA-Detection-Training-Dataset,dga,tkwfgbuft,9,dga_le_10
tlxnxbkv.info,1,ExtraHop/DGA-Detection-Training-Dataset,dga,tlxnxbkv,8,dga_le_10
tmqaagdui.net,1,ExtraHop/DGA-Detection-Training-Dataset,dga,tmqaagdui,9,dga_le_10
tojlzhk.net,1,ExtraHop/DGA-Detection-Training-Dataset,dga,tojlzhk,7,dga_le_10
tpgsork.org,1,ExtraHop/DGA-Detection-Training-Dataset,dga,tpgsork,7,dga_le_10
tplyjuhkn.info,1,ExtraHop/DGA-Detection-Training-Dataset,dga,tplyjuhkn,9,dga_le_10
tpybcar.net,1,ExtraHop/DGA-Detection-Training-Dataset,dga,tpybcar,7,dga_le_10
tqfjdrtsey.org,1,ExtraHop/DGA-Detection-Training-Dataset,dga,tqfjdrtsey,10,dga_le_10
tqpztjboah.info,1,ExtraHop/DGA-Detection-Training-Dataset,dga,tqpztjboah,10,dga_le_10
trclwalk.com,1,ExtraHop/DGA-Detection-Training-Dataset,dga,trclwalk,8,dga_le_10
trvxacivic.com,1,ExtraHop/DGA-Detection-Training-Dataset,dga,trvxacivic,10,dga_le_10
trygkbjc.info,1,ExtraHop/DGA-Detection-Training-Dataset,dga,trygkbjc,8,dga_le_10
ttqlstring.net,1,ExtraHop/DGA-Detection-Training-Dataset,dga,ttqlstring,10,dga_le_10
ttssrgmh.org,1,ExtraHop/DGA-Detection-Training-Dataset,dga,ttssrgmh,8,dga_le_10
tucezula.info,1,ExtraHop/DGA-Detection-Training-Dataset,dga,tucezula,8,dga_le_10
tusocgif.info,1,ExtraHop/DGA-Detection-Training-Dataset,dga,tusocgif,8,dga_le_10
tuubvclxae.info,1,ExtraHop/DGA-Detection-Training-Dataset,dga,tuubvclxae,10,dga_le_10
tuwlsax.net,1,ExtraHop/DGA-Detection-Training-Dataset,dga,tuwlsax,7,dga_le_10
tvhjnyi.com,1,ExtraHop/DGA-Detection-Training-Dataset,dga,tvhjnyi,7,dga_le_10
tvjxment.org,1,ExtraHop/DGA-Detection-Training-Dataset,dga,tvjxment,8,dga_le_10
twevxz.org,1,ExtraHop/DGA-Detection-Training-Dataset,dga,twevxz,6,dga_le_10
twyjzi.org,1,ExtraHop/DGA-Detection-Training-Dataset,dga,twyjzi,6,dga_le_10
txbsublewu.com,1,ExtraHop/DGA-Detection-Training-Dataset,dga,txbsublewu,10,dga_le_10
txdyork.net,1,ExtraHop/DGA-Detection-Training-Dataset,dga,txdyork,7,dga_le_10
txixball.com,1,ExtraHop/DGA-Detection-Training-Dataset,dga,txixball,8,dga_le_10
tznlroshis.org,1,ExtraHop/DGA-Detection-Training-Dataset,dga,tznlroshis,10,dga_le_10
ubcqooxpr.net,1,ExtraHop/DGA-Detection-Training-Dataset,dga,ubcqooxpr,9,dga_le_10
ubtakxbr.info,1,ExtraHop/DGA-Detection-Training-Dataset,dga,ubtakxbr,8,dga_le_10
uclmball.org,1,ExtraHop/DGA-Detection-Training-Dataset,dga,uclmball,8,dga_le_10
ucwwbyhcd.com,1,ExtraHop/DGA-Detection-Training-Dataset,dga,ucwwbyhcd,9,dga_le_10
udjsoxtw.com,1,ExtraHop/DGA-Detection-Training-Dataset,dga,udjsoxtw,8,dga_le_10
udouinblgs.com,1,ExtraHop/DGA-Detection-Training-Dataset,dga,udouinblgs,10,dga_le_10
udtovycidv.net,1,ExtraHop/DGA-Detection-Training-Dataset,dga,udtovycidv,10,dga_le_10
uejjment.info,1,ExtraHop/DGA-Detection-Training-Dataset,dga,uejjment,8,dga_le_10
uevdkgeoya.info,1,ExtraHop/DGA-Detection-Training-Dataset,dga,uevdkgeoya,10,dga_le_10
uezscajyj.com,1,ExtraHop/DGA-Detection-Training-Dataset,dga,uezscajyj,9,dga_le_10
ufemwn.info,1,ExtraHop/DGA-Detection-Training-Dataset,dga,ufemwn,6,dga_le_10
ugcdawf.info,1,ExtraHop/DGA-Detection-Training-Dataset,dga,ugcdawf,7,dga_le_10
ugrgment.org,1,ExtraHop/DGA-Detection-Training-Dataset,dga,ugrgment,8,dga_le_10
uhokybdo.info,1,ExtraHop/DGA-Detection-Training-Dataset,dga,uhokybdo,8,dga_le_10
uixyach.info,1,ExtraHop/DGA-Detection-Training-Dataset,dga,uixyach,7,dga_le_10
ujqrrabgwp.net,1,ExtraHop/DGA-Detection-Training-Dataset,dga,ujqrrabgwp,10,dga_le_10
ukbqpor.com,1,ExtraHop/DGA-Detection-Training-Dataset,dga,ukbqpor,7,dga_le_10
ukoserrari.org,1,ExtraHop/DGA-Detection-Training-Dataset,dga,ukoserrari,10,dga_le_10
ultyopq.net,1,ExtraHop/DGA-Detection-Training-Dataset,dga,ultyopq,7,dga_le_10
umjdball.com,1,ExtraHop/DGA-Detection-Training-Dataset,dga,umjdball,8,dga_le_10
umnaaumxw.net,1,ExtraHop/DGA-Detection-Training-Dataset,dga,umnaaumxw,9,dga_le_10
umycwalk.org,1,ExtraHop/DGA-Detection-Training-Dataset,dga,umycwalk,8,dga_le_10
uoaugceci.com,1,ExtraHop/DGA-Detection-Training-Dataset,dga,uoaugceci,9,dga_le_10
uookuime.net,1,ExtraHop/DGA-Detection-Training-Dataset,dga,uookuime,8,dga_le_10
uqkiball.net,1,ExtraHop/DGA-Detection-Training-Dataset,dga,uqkiball,8,dga_le_10
uqpibod.com,1,ExtraHop/DGA-Detection-Training-Dataset,dga,uqpibod,7,dga_le_10
uqyvoez.com,1,ExtraHop/DGA-Detection-Training-Dataset,dga,uqyvoez,7,dga_le_10
urvjllxde.com,1,ExtraHop/DGA-Detection-Training-Dataset,dga,urvjllxde,9,dga_le_10
uuottfek.info,1,ExtraHop/DGA-Detection-Training-Dataset,dga,uuottfek,8,dga_le_10
uvbgzyu.com,1,ExtraHop/DGA-Detection-Training-Dataset,dga,uvbgzyu,7,dga_le_10
uvjerzuhd.org,1,ExtraHop/DGA-Detection-Training-Dataset,dga,uvjerzuhd,9,dga_le_10
uymcivvgra.info,1,ExtraHop/DGA-Detection-Training-Dataset,dga,uymcivvgra,10,dga_le_10
uzrmvrxni.net,1,ExtraHop/DGA-Detection-Training-Dataset,dga,uzrmvrxni,9,dga_le_10
uzxpzk.info,1,ExtraHop/DGA-Detection-Training-Dataset,dga,uzxpzk,6,dga_le_10
vaperri.info,1,ExtraHop/DGA-Detection-Training-Dataset,dga,vaperri,7,dga_le_10
vaqsuwumt.com,1,ExtraHop/DGA-Detection-Training-Dataset,dga,vaqsuwumt,9,dga_le_10
vbaqyhwb.org,1,ExtraHop/DGA-Detection-Training-Dataset,dga,vbaqyhwb,8,dga_le_10
vbparew.com,1,ExtraHop/DGA-Detection-Training-Dataset,dga,vbparew,7,dga_le_10
vbqxbnl.net,1,ExtraHop/DGA-Detection-Training-Dataset,dga,vbqxbnl,7,dga_le_10
vbxefxie.info,1,ExtraHop/DGA-Detection-Training-Dataset,dga,vbxefxie,8,dga_le_10
vcvuwefo.com,1,ExtraHop/DGA-Detection-Training-Dataset,dga,vcvuwefo,8,dga_le_10
vcxtaudreg.net,1,ExtraHop/DGA-Detection-Training-Dataset,dga,vcxtaudreg,10,dga_le_10
vfbwlci.info,1,ExtraHop/DGA-Detection-Training-Dataset,dga,vfbwlci,7,dga_le_10
vgcxevf.info,1,ExtraHop/DGA-Detection-Training-Dataset,dga,vgcxevf,7,dga_le_10
vghippsbda.net,1,ExtraHop/DGA-Detection-Training-Dataset,dga,vghippsbda,10,dga_le_10
vgjzhan.org,1,ExtraHop/DGA-Detection-Training-Dataset,dga,vgjzhan,7,dga_le_10
vgvrqrjbgt.info,1,ExtraHop/DGA-Detection-Training-Dataset,dga,vgvrqrjbgt,10,dga_le_10
vhsnay.org,1,ExtraHop/DGA-Detection-Training-Dataset,dga,vhsnay,6,dga_le_10
vicuqycury.com,1,ExtraHop/DGA-Detection-Training-Dataset,dga,vicuqycury,10,dga_le_10
vicuritery.net,1,ExtraHop/DGA-Detection-Training-Dataset,dga,vicuritery,10,dga_le_10
vilumocaru.info,1,ExtraHop/DGA-Detection-Training-Dataset,dga,vilumocaru,10,dga_le_10
viqktblk.info,1,ExtraHop/DGA-Detection-Training-Dataset,dga,viqktblk,8,dga_le_10
viwugifyri.com,1,ExtraHop/DGA-Detection-Training-Dataset,dga,viwugifyri,10,dga_le_10
vkgnez.info,1,ExtraHop/DGA-Detection-Training-Dataset,dga,vkgnez,6,dga_le_10
vkwwmujyuh.net,1,ExtraHop/DGA-Detection-Training-Dataset,dga,vkwwmujyuh,10,dga_le_10
vlagwollg.com,1,ExtraHop/DGA-Detection-Training-Dataset,dga,vlagwollg,9,dga_le_10
vnatrghxvw.info,1,ExtraHop/DGA-Detection-Training-Dataset,dga,vnatrghxvw,10,dga_le_10
vnduwpuy.org,1,ExtraHop/DGA-Detection-Training-Dataset,dga,vnduwpuy,8,dga_le_10
vnpretball.org,1,ExtraHop/DGA-Detection-Training-Dataset,dga,vnpretball,10,dga_le_10
vnrpzcuyu.org,1,ExtraHop/DGA-Detection-Training-Dataset,dga,vnrpzcuyu,9,dga_le_10
vnurpzcgfo.info,1,ExtraHop/DGA-Detection-Training-Dataset,dga,vnurpzcgfo,10,dga_le_10
voemifvf.com,1,ExtraHop/DGA-Detection-Training-Dataset,dga,voemifvf,8,dga_le_10
vphtball.org,1,ExtraHop/DGA-Detection-Training-Dataset,dga,vphtball,8,dga_le_10
vtndficjam.com,1,ExtraHop/DGA-Detection-Training-Dataset,dga,vtndficjam,10,dga_le_10
vwdofavyg.com,1,ExtraHop/DGA-Detection-Training-Dataset,dga,vwdofavyg,9,dga_le_10
vwrsuixenx.net,1,ExtraHop/DGA-Detection-Training-Dataset,dga,vwrsuixenx,10,dga_le_10
vwtjytdn.net,1,ExtraHop/DGA-Detection-Training-Dataset,dga,vwtjytdn,8,dga_le_10
vxaqogrg.com,1,ExtraHop/DGA-Detection-Training-Dataset,dga,vxaqogrg,8,dga_le_10
vxbjmkmja.org,1,ExtraHop/DGA-Detection-Training-Dataset,dga,vxbjmkmja,9,dga_le_10
vxbjort.org,1,ExtraHop/DGA-Detection-Training-Dataset,dga,vxbjort,7,dga_le_10
vxjihtkpk.net,1,ExtraHop/DGA-Detection-Training-Dataset,dga,vxjihtkpk,9,dga_le_10
vxohlane.info,1,ExtraHop/DGA-Detection-Training-Dataset,dga,vxohlane,8,dga_le_10
vztqqa.info,1,ExtraHop/DGA-Detection-Training-Dataset,dga,vztqqa,6,dga_le_10
wajhacivic.net,1,ExtraHop/DGA-Detection-Training-Dataset,dga,wajhacivic,10,dga_le_10
wbcgqgj.info,1,ExtraHop/DGA-Detection-Training-Dataset,dga,wbcgqgj,7,dga_le_10
wbmjkxrd.com,1,ExtraHop/DGA-Detection-Training-Dataset,dga,wbmjkxrd,8,dga_le_10
wbnczhcdq.net,1,ExtraHop/DGA-Detection-Training-Dataset,dga,wbnczhcdq,9,dga_le_10
wcpknkfjm.net,1,ExtraHop/DGA-Detection-Training-Dataset,dga,wcpknkfjm,9,dga_le_10
wcwefsv.com,1,ExtraHop/DGA-Detection-Training-Dataset,dga,wcwefsv,7,dga_le_10
wdwrdtqs.net,1,ExtraHop/DGA-Detection-Training-Dataset,dga,wdwrdtqs,8,dga_le_10
wehohuv.info,1,ExtraHop/DGA-Detection-Training-Dataset,dga,wehohuv,7,dga_le_10
whaspmewy.com,1,ExtraHop/DGA-Detection-Training-Dataset,dga,whaspmewy,9,dga_le_10
whyspjxv.org,1,ExtraHop/DGA-Detection-Training-Dataset,dga,whyspjxv,8,dga_le_10
wicfbfxc.net,1,ExtraHop/DGA-Detection-Training-Dataset,dga,wicfbfxc,8,dga_le_10
wiissvb.org,1,ExtraHop/DGA-Detection-Training-Dataset,dga,wiissvb,7,dga_le_10
wiviued.org,1,ExtraHop/DGA-Detection-Training-Dataset,dga,wiviued,7,dga_le_10
wjdjfzxz.org,1,ExtraHop/DGA-Detection-Training-Dataset,dga,wjdjfzxz,8,dga_le_10
wjnpmlgsy.com,1,ExtraHop/DGA-Detection-Training-Dataset,dga,wjnpmlgsy,9,dga_le_10
wluqnqqs.com,1,ExtraHop/DGA-Detection-Training-Dataset,dga,wluqnqqs,8,dga_le_10
wmhimwsatc.info,1,ExtraHop/DGA-Detection-Training-Dataset,dga,wmhimwsatc,10,dga_le_10
wmnndinggt.org,1,ExtraHop/DGA-Detection-Training-Dataset,dga,wmnndinggt,10,dga_le_10
wnglcsup.net,1,ExtraHop/DGA-Detection-Training-Dataset,dga,wnglcsup,8,dga_le_10
wpmcbdpvt.org,1,ExtraHop/DGA-Detection-Training-Dataset,dga,wpmcbdpvt,9,dga_le_10
wpnfebvf.net,1,ExtraHop/DGA-Detection-Training-Dataset,dga,wpnfebvf,8,dga_le_10
wprbdwjums.com,1,ExtraHop/DGA-Detection-Training-Dataset,dga,wprbdwjums,10,dga_le_10
wqulnwapd.org,1,ExtraHop/DGA-Detection-Training-Dataset,dga,wqulnwapd,9,dga_le_10
wqvonw.info,1,ExtraHop/DGA-Detection-Training-Dataset,dga,wqvonw,6,dga_le_10
wrzucquj.com,1,ExtraHop/DGA-Detection-Training-Dataset,dga,wrzucquj,8,dga_le_10
wscasmmmas.info,1,ExtraHop/DGA-Detection-Training-Dataset,dga,wscasmmmas,10,dga_le_10
wsgktruck.com,1,ExtraHop/DGA-Detection-Training-Dataset,dga,wsgktruck,9,dga_le_10
wsiqueeyi.info,1,ExtraHop/DGA-Detection-Training-Dataset,dga,wsiqueeyi,9,dga_le_10
wskkiuamug.net,1,ExtraHop/DGA-Detection-Training-Dataset,dga,wskkiuamug,10,dga_le_10
wsotdbj.info,1,ExtraHop/DGA-Detection-Training-Dataset,dga,wsotdbj,7,dga_le_10
wsougegkuw.net,1,ExtraHop/DGA-Detection-Training-Dataset,dga,wsougegkuw,10,dga_le_10
wspuumrt.net,1,ExtraHop/DGA-Detection-Training-Dataset,dga,wspuumrt,8,dga_le_10
wstiball.org,1,ExtraHop/DGA-Detection-Training-Dataset,dga,wstiball,8,dga_le_10
wswqaeawg.info,1,ExtraHop/DGA-Detection-Training-Dataset,dga,wswqaeawg,9,dga_le_10
wtdqmzxa.info,1,ExtraHop/DGA-Detection-Training-Dataset,dga,wtdqmzxa,8,dga_le_10
wuhnlane.org,1,ExtraHop/DGA-Detection-Training-Dataset,dga,wuhnlane,8,dga_le_10
wuyodsvah.com,1,ExtraHop/DGA-Detection-Training-Dataset,dga,wuyodsvah,9,dga_le_10
wvgpaig.info,1,ExtraHop/DGA-Detection-Training-Dataset,dga,wvgpaig,7,dga_le_10
wvrpmqyb.net,1,ExtraHop/DGA-Detection-Training-Dataset,dga,wvrpmqyb,8,dga_le_10
wvyaucbia.net,1,ExtraHop/DGA-Detection-Training-Dataset,dga,wvyaucbia,9,dga_le_10
wxfonspq.info,1,ExtraHop/DGA-Detection-Training-Dataset,dga,wxfonspq,8,dga_le_10
wxxrtwc.info,1,ExtraHop/DGA-Detection-Training-Dataset,dga,wxxrtwc,7,dga_le_10
wypclane.com,1,ExtraHop/DGA-Detection-Training-Dataset,dga,wypclane,8,dga_le_10
xafpoktyx.net,1,ExtraHop/DGA-Detection-Training-Dataset,dga,xafpoktyx,9,dga_le_10
xailqnqojn.org,1,ExtraHop/DGA-Detection-Training-Dataset,dga,xailqnqojn,10,dga_le_10
xbexhpft.net,1,ExtraHop/DGA-Detection-Training-Dataset,dga,xbexhpft,8,dga_le_10
xbhnfb.com,1,ExtraHop/DGA-Detection-Training-Dataset,dga,xbhnfb,6,dga_le_10
xbtvfpsu.info,1,ExtraHop/DGA-Detection-Training-Dataset,dga,xbtvfpsu,8,dga_le_10
xdtkdozer.net,1,ExtraHop/DGA-Detection-Training-Dataset,dga,xdtkdozer,9,dga_le_10
xeezqikr.org,1,ExtraHop/DGA-Detection-Training-Dataset,dga,xeezqikr,8,dga_le_10
xelwrsjzfc.com,1,ExtraHop/DGA-Detection-Training-Dataset,dga,xelwrsjzfc,10,dga_le_10
xfcabwn.com,1,ExtraHop/DGA-Detection-Training-Dataset,dga,xfcabwn,7,dga_le_10
xfcdigdh.net,1,ExtraHop/DGA-Detection-Training-Dataset,dga,xfcdigdh,8,dga_le_10
xfksjm.com,1,ExtraHop/DGA-Detection-Training-Dataset,dga,xfksjm,6,dga_le_10
xfqwngeles.net,1,ExtraHop/DGA-Detection-Training-Dataset,dga,xfqwngeles,10,dga_le_10
xfyliego.net,1,ExtraHop/DGA-Detection-Training-Dataset,dga,xfyliego,8,dga_le_10
xgcayyxzl.net,1,ExtraHop/DGA-Detection-Training-Dataset,dga,xgcayyxzl,9,dga_le_10
xgiskfgt.net,1,ExtraHop/DGA-Detection-Training-Dataset,dga,xgiskfgt,8,dga_le_10
xgyxcucfbe.info,1,ExtraHop/DGA-Detection-Training-Dataset,dga,xgyxcucfbe,10,dga_le_10
xhdqland.info,1,ExtraHop/DGA-Detection-Training-Dataset,dga,xhdqland,8,dga_le_10
xhffetball.org,1,ExtraHop/DGA-Detection-Training-Dataset,dga,xhffetball,10,dga_le_10
xhjatyiuk.org,1,ExtraHop/DGA-Detection-Training-Dataset,dga,xhjatyiuk,9,dga_le_10
xhvwlifox.com,1,ExtraHop/DGA-Detection-Training-Dataset,dga,xhvwlifox,9,dga_le_10
xiximhwtph.com,1,ExtraHop/DGA-Detection-Training-Dataset,dga,xiximhwtph,10,dga_le_10
xjjeopcomp.net,1,ExtraHop/DGA-Detection-Training-Dataset,dga,xjjeopcomp,10,dga_le_10
xjmpsqcktp.info,1,ExtraHop/DGA-Detection-Training-Dataset,dga,xjmpsqcktp,10,dga_le_10
xlcvrp.org,1,ExtraHop/DGA-Detection-Training-Dataset,dga,xlcvrp,6,dga_le_10
xnmuatbq.net,1,ExtraHop/DGA-Detection-Training-Dataset,dga,xnmuatbq,8,dga_le_10
xnnuetball.com,1,ExtraHop/DGA-Detection-Training-Dataset,dga,xnnuetball,10,dga_le_10
xphkrtlsps.com,1,ExtraHop/DGA-Detection-Training-Dataset,dga,xphkrtlsps,10,dga_le_10
xprma1008.info,1,ExtraHop/DGA-Detection-Training-Dataset,dga,xprma1008,9,dga_le_10
xpvqrgos.com,1,ExtraHop/DGA-Detection-Training-Dataset,dga,xpvqrgos,8,dga_le_10
xrqgtruck.info,1,ExtraHop/DGA-Detection-Training-Dataset,dga,xrqgtruck,9,dga_le_10
xsaipzrodr.net,1,ExtraHop/DGA-Detection-Training-Dataset,dga,xsaipzrodr,10,dga_le_10
xtrqwalk.org,1,ExtraHop/DGA-Detection-Training-Dataset,dga,xtrqwalk,8,dga_le_10
xttkba.info,1,ExtraHop/DGA-Detection-Training-Dataset,dga,xttkba,6,dga_le_10
xubykijeq.info,1,ExtraHop/DGA-Detection-Training-Dataset,dga,xubykijeq,9,dga_le_10
xubysojaq.com,1,ExtraHop/DGA-Detection-Training-Dataset,dga,xubysojaq,9,dga_le_10
xuhyranaq.info,1,ExtraHop/DGA-Detection-Training-Dataset,dga,xuhyranaq,9,dga_le_10
xukyvexeq.info,1,ExtraHop/DGA-Detection-Training-Dataset,dga,xukyvexeq,9,dga_le_10
xuqyzyjeq.net,1,ExtraHop/DGA-Detection-Training-Dataset,dga,xuqyzyjeq,9,dga_le_10
xutynanoq.com,1,ExtraHop/DGA-Detection-Training-Dataset,dga,xutynanoq,9,dga_le_10
xuxysoriq.com,1,ExtraHop/DGA-Detection-Training-Dataset,dga,xuxysoriq,9,dga_le_10
xvjktnkx.info,1,ExtraHop/DGA-Detection-Training-Dataset,dga,xvjktnkx,8,dga_le_10
xwpmjteo.info,1,ExtraHop/DGA-Detection-Training-Dataset,dga,xwpmjteo,8,dga_le_10
xxkvort.com,1,ExtraHop/DGA-Detection-Training-Dataset,dga,xxkvort,7,dga_le_10
xxoustring.info,1,ExtraHop/DGA-Detection-Training-Dataset,dga,xxoustring,10,dga_le_10
xxwzhl.org,1,ExtraHop/DGA-Detection-Training-Dataset,dga,xxwzhl,6,dga_le_10
xygsjyedf.info,1,ExtraHop/DGA-Detection-Training-Dataset,dga,xygsjyedf,9,dga_le_10
xypdbqpc.net,1,ExtraHop/DGA-Detection-Training-Dataset,dga,xypdbqpc,8,dga_le_10
yaevvvvodi.info,1,ExtraHop/DGA-Detection-Training-Dataset,dga,yaevvvvodi,10,dga_le_10
yagkball.org,1,ExtraHop/DGA-Detection-Training-Dataset,dga,yagkball,8,dga_le_10
yanzbyyqf.com,1,ExtraHop/DGA-Detection-Training-Dataset,dga,yanzbyyqf,9,dga_le_10
yaoqgqwo.info,1,ExtraHop/DGA-Detection-Training-Dataset,dga,yaoqgqwo,8,dga_le_10
ycdoeqeoya.com,1,ExtraHop/DGA-Detection-Training-Dataset,dga,ycdoeqeoya,10,dga_le_10
ydqnroqb.com,1,ExtraHop/DGA-Detection-Training-Dataset,dga,ydqnroqb,8,dga_le_10
yercgun.com,1,ExtraHop/DGA-Detection-Training-Dataset,dga,yercgun,7,dga_le_10
yexzork.org,1,ExtraHop/DGA-Detection-Training-Dataset,dga,yexzork,7,dga_le_10
yfgmpgk.org,1,ExtraHop/DGA-Detection-Training-Dataset,dga,yfgmpgk,7,dga_le_10
yfudwcabyq.org,1,ExtraHop/DGA-Detection-Training-Dataset,dga,yfudwcabyq,10,dga_le_10
ygnwksaqn.com,1,ExtraHop/DGA-Detection-Training-Dataset,dga,ygnwksaqn,9,dga_le_10
yhvyehn.com,1,ExtraHop/DGA-Detection-Training-Dataset,dga,yhvyehn,7,dga_le_10
yiciqaokem.info,1,ExtraHop/DGA-Detection-Training-Dataset,dga,yiciqaokem,10,dga_le_10
yiwerilnh.net,1,ExtraHop/DGA-Detection-Training-Dataset,dga,yiwerilnh,9,dga_le_10
yixlcjh.com,1,ExtraHop/DGA-Detection-Training-Dataset,dga,yixlcjh,7,dga_le_10
ylenzqv.net,1,ExtraHop/DGA-Detection-Training-Dataset,dga,ylenzqv,7,dga_le_10
yniihv.info,1,ExtraHop/DGA-Detection-Training-Dataset,dga,yniihv,6,dga_le_10
ynkjywry.org,1,ExtraHop/DGA-Detection-Training-Dataset,dga,ynkjywry,8,dga_le_10
yofna1008.net,1,ExtraHop/DGA-Detection-Training-Dataset,dga,yofna1008,9,dga_le_10
yoqymhuebi.com,1,ExtraHop/DGA-Detection-Training-Dataset,dga,yoqymhuebi,10,dga_le_10
yqecjjfas.info,1,ExtraHop/DGA-Detection-Training-Dataset,dga,yqecjjfas,9,dga_le_10
yqnavndn.org,1,ExtraHop/DGA-Detection-Training-Dataset,dga,yqnavndn,8,dga_le_10
yqybmbfzib.info,1,ExtraHop/DGA-Detection-Training-Dataset,dga,yqybmbfzib,10,dga_le_10
yrzszbxkch.com,1,ExtraHop/DGA-Detection-Training-Dataset,dga,yrzszbxkch,10,dga_le_10
ytofrha.info,1,ExtraHop/DGA-Detection-Training-Dataset,dga,ytofrha,7,dga_le_10
yukiork.org,1,ExtraHop/DGA-Detection-Training-Dataset,dga,yukiork,7,dga_le_10
yunlland.info,1,ExtraHop/DGA-Detection-Training-Dataset,dga,yunlland,8,dga_le_10
yuskuomk.net,1,ExtraHop/DGA-Detection-Training-Dataset,dga,yuskuomk,8,dga_le_10
yvulrutnrz.net,1,ExtraHop/DGA-Detection-Training-Dataset,dga,yvulrutnrz,10,dga_le_10
ywaoockk.org,1,ExtraHop/DGA-Detection-Training-Dataset,dga,ywaoockk,8,dga_le_10
ywewaawk.org,1,ExtraHop/DGA-Detection-Training-Dataset,dga,ywewaawk,8,dga_le_10
ywiguiqu.com,1,ExtraHop/DGA-Detection-Training-Dataset,dga,ywiguiqu,8,dga_le_10
ywiimeaqy.info,1,ExtraHop/DGA-Detection-Training-Dataset,dga,ywiimeaqy,9,dga_le_10
ywkywgmk.com,1,ExtraHop/DGA-Detection-Training-Dataset,dga,ywkywgmk,8,dga_le_10
ywoekssyes.net,1,ExtraHop/DGA-Detection-Training-Dataset,dga,ywoekssyes,10,dga_le_10
ywoosmymm.net,1,ExtraHop/DGA-Detection-Training-Dataset,dga,ywoosmymm,9,dga_le_10
ywowkswy.net,1,ExtraHop/DGA-Detection-Training-Dataset,dga,ywowkswy,8,dga_le_10
ywtiqruube.com,1,ExtraHop/DGA-Detection-Training-Dataset,dga,ywtiqruube,10,dga_le_10
ywugyceu.com,1,ExtraHop/DGA-Detection-Training-Dataset,dga,ywugyceu,8,dga_le_10
ywvyawc.com,1,ExtraHop/DGA-Detection-Training-Dataset,dga,ywvyawc,7,dga_le_10
ywwqokgwao.org,1,ExtraHop/DGA-Detection-Training-Dataset,dga,ywwqokgwao,10,dga_le_10
ywwsogeys.info,1,ExtraHop/DGA-Detection-Training-Dataset,dga,ywwsogeys,9,dga_le_10
ywywwoykw.com,1,ExtraHop/DGA-Detection-Training-Dataset,dga,ywywwoykw,9,dga_le_10
yxntjcre.org,1,ExtraHop/DGA-Detection-Training-Dataset,dga,yxntjcre,8,dga_le_10
yyoedju.com,1,ExtraHop/DGA-Detection-Training-Dataset,dga,yyoedju,7,dga_le_10
yywoppyyjy.info,1,ExtraHop/DGA-Detection-Training-Dataset,dga,yywoppyyjy,10,dga_le_10
yywtluzydq.org,1,ExtraHop/DGA-Detection-Training-Dataset,dga,yywtluzydq,10,dga_le_10
zbgllczjrd.info,1,ExtraHop/DGA-Detection-Training-Dataset,dga,zbgllczjrd,10,dga_le_10
zbrrball.com,1,ExtraHop/DGA-Detection-Training-Dataset,dga,zbrrball,8,dga_le_10
zdyyetball.info,1,ExtraHop/DGA-Detection-Training-Dataset,dga,zdyyetball,10,dga_le_10
zgxxqenlvg.org,1,ExtraHop/DGA-Detection-Training-Dataset,dga,zgxxqenlvg,10,dga_le_10
ziaqdujg.net,1,ExtraHop/DGA-Detection-Training-Dataset,dga,ziaqdujg,8,dga_le_10
zjgyetball.info,1,ExtraHop/DGA-Detection-Training-Dataset,dga,zjgyetball,10,dga_le_10
zjluetball.org,1,ExtraHop/DGA-Detection-Training-Dataset,dga,zjluetball,10,dga_le_10
zkbgvaj.info,1,ExtraHop/DGA-Detection-Training-Dataset,dga,zkbgvaj,7,dga_le_10
zkhqdxwvch.info,1,ExtraHop/DGA-Detection-Training-Dataset,dga,zkhqdxwvch,10,dga_le_10
zlgzay.net,1,ExtraHop/DGA-Detection-Training-Dataset,dga,zlgzay,6,dga_le_10
zloaball.net,1,ExtraHop/DGA-Detection-Training-Dataset,dga,zloaball,8,dga_le_10
zloodozer.org,1,ExtraHop/DGA-Detection-Training-Dataset,dga,zloodozer,9,dga_le_10
zlybuh.info,1,ExtraHop/DGA-Detection-Training-Dataset,dga,zlybuh,6,dga_le_10
zmbdmc.org,1,ExtraHop/DGA-Detection-Training-Dataset,dga,zmbdmc,6,dga_le_10
znhwngeles.net,1,ExtraHop/DGA-Detection-Training-Dataset,dga,znhwngeles,10,dga_le_10
zpjmepqi.net,1,ExtraHop/DGA-Detection-Training-Dataset,dga,zpjmepqi,8,dga_le_10
zquodhwiiw.net,1,ExtraHop/DGA-Detection-Training-Dataset,dga,zquodhwiiw,10,dga_le_10
zssaxnslle.org,1,ExtraHop/DGA-Detection-Training-Dataset,dga,zssaxnslle,10,dga_le_10
ztnxdjd.info,1,ExtraHop/DGA-Detection-Training-Dataset,dga,ztnxdjd,7,dga_le_10
zugojun.net,1,ExtraHop/DGA-Detection-Training-Dataset,dga,zugojun,7,dga_le_10
zukusi.net,1,ExtraHop/DGA-Detection-Training-Dataset,dga,zukusi,6,dga_le_10
zuqkcbqfc.net,1,ExtraHop/DGA-Detection-Training-Dataset,dga,zuqkcbqfc,9,dga_le_10
zuqune.net,1,ExtraHop/DGA-Detection-Training-Dataset,dga,zuqune,6,dga_le_10
zurofir.info,1,ExtraHop/DGA-Detection-Training-Dataset,dga,zurofir,7,dga_le_10
zuuhgsetcz.net,1,ExtraHop/DGA-Detection-Training-Dataset,dga,zuuhgsetcz,10,dga_le_10
zvksoldoc.org,1,ExtraHop/DGA-Detection-Training-Dataset,dga,zvksoldoc,9,dga_le_10
zvwdtruck.com,1,ExtraHop/DGA-Detection-Training-Dataset,dga,zvwdtruck,9,dga_le_10
zvwxvfbvry.org,1,ExtraHop/DGA-Detection-Training-Dataset,dga,zvwxvfbvry,10,dga_le_10
zvzqipps.org,1,ExtraHop/DGA-Detection-Training-Dataset,dga,zvzqipps,8,dga_le_10
zynczjli.net,1,ExtraHop/DGA-Detection-Training-Dataset,dga,zynczjli,8,dga_le_10
zyzhyipj.net,1,ExtraHop/DGA-Detection-Training-Dataset,dga,zyzhyipj,8,dga_le_10
zzxdcar.com,1,ExtraHop/DGA-Detection-Training-Dataset,dga,zzxdcar,7,dga_le_10
5an0duj4dy7o.org,1,ExtraHop/DGA-Detection-Training-Dataset,dga,5an0duj4dy7o,12,dga_11_12
5ef4x630lqrs.com,1,ExtraHop/DGA-Detection-Training-Dataset,dga,5ef4x630lqrs,12,dga_11_12
aaagaimceqgg.net,1,ExtraHop/DGA-Detection-Training-Dataset,dga,aaagaimceqgg,12,dga_11_12
aabqzkqexvi.info,1,ExtraHop/DGA-Detection-Training-Dataset,dga,aabqzkqexvi,11,dga_11_12
aafsficlight.net,1,ExtraHop/DGA-Detection-Training-Dataset,dga,aafsficlight,12,dga_11_12
aakmoeaugqqk.org,1,ExtraHop/DGA-Detection-Training-Dataset,dga,aakmoeaugqqk,12,dga_11_12
aaouwqgayqmo.info,1,ExtraHop/DGA-Detection-Training-Dataset,dga,aaouwqgayqmo,12,dga_11_12
aaqciwiakaq.net,1,ExtraHop/DGA-Detection-Training-Dataset,dga,aaqciwiakaq,11,dga_11_12
aaqcmaiqmck.info,1,ExtraHop/DGA-Detection-Training-Dataset,dga,aaqcmaiqmck,11,dga_11_12
aaqwmuywywyq.net,1,ExtraHop/DGA-Detection-Training-Dataset,dga,aaqwmuywywyq,12,dga_11_12
aawamcoorcc.org,1,ExtraHop/DGA-Detection-Training-Dataset,dga,aawamcoorcc,11,dga_11_12
achpllngvoqb.net,1,ExtraHop/DGA-Detection-Training-Dataset,dga,achpllngvoqb,12,dga_11_12
achqamdtbcbg.org,1,ExtraHop/DGA-Detection-Training-Dataset,dga,achqamdtbcbg,12,dga_11_12
aczkhrzctotx.com,1,ExtraHop/DGA-Detection-Training-Dataset,dga,aczkhrzctotx,12,dga_11_12
adhczprxtqq.org,1,ExtraHop/DGA-Detection-Training-Dataset,dga,adhczprxtqq,11,dga_11_12
adpudkdhjnqc.com,1,ExtraHop/DGA-Detection-Training-Dataset,dga,adpudkdhjnqc,12,dga_11_12
adsxhrvbkdr.org,1,ExtraHop/DGA-Detection-Training-Dataset,dga,adsxhrvbkdr,11,dga_11_12
aeepnkdfxmve.net,1,ExtraHop/DGA-Detection-Training-Dataset,dga,aeepnkdfxmve,12,dga_11_12
agarptgalwg.net,1,ExtraHop/DGA-Detection-Training-Dataset,dga,agarptgalwg,11,dga_11_12
aiaalgaprhiy.com,1,ExtraHop/DGA-Detection-Training-Dataset,dga,aiaalgaprhiy,12,dga_11_12
ajzgyjncxyu.info,1,ExtraHop/DGA-Detection-Training-Dataset,dga,ajzgyjncxyu,11,dga_11_12
akoqvrboigr.net,1,ExtraHop/DGA-Detection-Training-Dataset,dga,akoqvrboigr,11,dga_11_12
amajadmeyngm.org,1,ExtraHop/DGA-Detection-Training-Dataset,dga,amajadmeyngm,12,dga_11_12
amdgyyzurlf.info,1,ExtraHop/DGA-Detection-Training-Dataset,dga,amdgyyzurlf,11,dga_11_12
amenbiiugkeq.com,1,ExtraHop/DGA-Detection-Training-Dataset,dga,amenbiiugkeq,12,dga_11_12
andmzitauno.info,1,ExtraHop/DGA-Detection-Training-Dataset,dga,andmzitauno,11,dga_11_12
anidrvrnevz.com,1,ExtraHop/DGA-Detection-Training-Dataset,dga,anidrvrnevz,11,dga_11_12
anjhmdyyivck.info,1,ExtraHop/DGA-Detection-Training-Dataset,dga,anjhmdyyivck,12,dga_11_12
anmrnbrukhiu.info,1,ExtraHop/DGA-Detection-Training-Dataset,dga,anmrnbrukhiu,12,dga_11_12
aqakamgvkkyf.net,1,ExtraHop/DGA-Detection-Training-Dataset,dga,aqakamgvkkyf,12,dga_11_12
ardcwdhmtnva.net,1,ExtraHop/DGA-Detection-Training-Dataset,dga,ardcwdhmtnva,12,dga_11_12
asamdozqkmbi.net,1,ExtraHop/DGA-Detection-Training-Dataset,dga,asamdozqkmbi,12,dga_11_12
ashkbfgcrfgu.org,1,ExtraHop/DGA-Detection-Training-Dataset,dga,ashkbfgcrfgu,12,dga_11_12
asiquwovmud.info,1,ExtraHop/DGA-Detection-Training-Dataset,dga,asiquwovmud,11,dga_11_12
asletjkpjufv.info,1,ExtraHop/DGA-Detection-Training-Dataset,dga,asletjkpjufv,12,dga_11_12
asskchsuxxtn.com,1,ExtraHop/DGA-Detection-Training-Dataset,dga,asskchsuxxtn,12,dga_11_12
asyqnwclkay.com,1,ExtraHop/DGA-Detection-Training-Dataset,dga,asyqnwclkay,11,dga_11_12
attkewjsiml.org,1,ExtraHop/DGA-Detection-Training-Dataset,dga,attkewjsiml,11,dga_11_12
aviqrrwiguod.info,1,ExtraHop/DGA-Detection-Training-Dataset,dga,aviqrrwiguod,12,dga_11_12
avqkvckmulf.com,1,ExtraHop/DGA-Detection-Training-Dataset,dga,avqkvckmulf,11,dga_11_12
avqwumctwnr.org,1,ExtraHop/DGA-Detection-Training-Dataset,dga,avqwumctwnr,11,dga_11_12
axpqobrkjcd.com,1,ExtraHop/DGA-Detection-Training-Dataset,dga,axpqobrkjcd,11,dga_11_12
ayrsordf150.com,1,ExtraHop/DGA-Detection-Training-Dataset,dga,ayrsordf150,11,dga_11_12
azrteapxfhns.info,1,ExtraHop/DGA-Detection-Training-Dataset,dga,azrteapxfhns,12,dga_11_12
baevmrnwsgvi.net,1,ExtraHop/DGA-Detection-Training-Dataset,dga,baevmrnwsgvi,12,dga_11_12
bahyutxuaroa.info,1,ExtraHop/DGA-Detection-Training-Dataset,dga,bahyutxuaroa,12,dga_11_12
bbavsiohurx.net,1,ExtraHop/DGA-Detection-Training-Dataset,dga,bbavsiohurx,11,dga_11_12
bbgrtshyvsbb.net,1,ExtraHop/DGA-Detection-Training-Dataset,dga,bbgrtshyvsbb,12,dga_11_12
bbkovonwkigf.info,1,ExtraHop/DGA-Detection-Training-Dataset,dga,bbkovonwkigf,12,dga_11_12
bblmporsche.com,1,ExtraHop/DGA-Detection-Training-Dataset,dga,bblmporsche,11,dga_11_12
bbygtaprius.info,1,ExtraHop/DGA-Detection-Training-Dataset,dga,bbygtaprius,11,dga_11_12
bcflcuqvbxmp.info,1,ExtraHop/DGA-Detection-Training-Dataset,dga,bcflcuqvbxmp,12,dga_11_12
bcfrpguedpl.info,1,ExtraHop/DGA-Detection-Training-Dataset,dga,bcfrpguedpl,11,dga_11_12
bcgtqmgvnqqm.org,1,ExtraHop/DGA-Detection-Training-Dataset,dga,bcgtqmgvnqqm,12,dga_11_12
bcltdehppsgp.org,1,ExtraHop/DGA-Detection-Training-Dataset,dga,bcltdehppsgp,12,dga_11_12
bcvycdmebxrq.com,1,ExtraHop/DGA-Detection-Training-Dataset,dga,bcvycdmebxrq,12,dga_11_12
bdjaeyqvxxdg.net,1,ExtraHop/DGA-Detection-Training-Dataset,dga,bdjaeyqvxxdg,12,dga_11_12
bdkrrwbsgrkp.org,1,ExtraHop/DGA-Detection-Training-Dataset,dga,bdkrrwbsgrkp,12,dga_11_12
bdkyybpwzwl.info,1,ExtraHop/DGA-Detection-Training-Dataset,dga,bdkyybpwzwl,11,dga_11_12
befgfdetefwo.com,1,ExtraHop/DGA-Detection-Training-Dataset,dga,befgfdetefwo,12,dga_11_12
bfedtsspqrst.com,1,ExtraHop/DGA-Detection-Training-Dataset,dga,bfedtsspqrst,12,dga_11_12
bfgdecfolivn.info,1,ExtraHop/DGA-Detection-Training-Dataset,dga,bfgdecfolivn,12,dga_11_12
bfwxqrwvvfpk.org,1,ExtraHop/DGA-Detection-Training-Dataset,dga,bfwxqrwvvfpk,12,dga_11_12
bgyzkiwvzjhv.com,1,ExtraHop/DGA-Detection-Training-Dataset,dga,bgyzkiwvzjhv,12,dga_11_12
bhtpxtbxhxgb.com,1,ExtraHop/DGA-Detection-Training-Dataset,dga,bhtpxtbxhxgb,12,dga_11_12
bidxccrevsne.com,1,ExtraHop/DGA-Detection-Training-Dataset,dga,bidxccrevsne,12,dga_11_12
binklibwhhog.org,1,ExtraHop/DGA-Detection-Training-Dataset,dga,binklibwhhog,12,dga_11_12
bjggancorml.net,1,ExtraHop/DGA-Detection-Training-Dataset,dga,bjggancorml,11,dga_11_12
bjhbquerque.org,1,ExtraHop/DGA-Detection-Training-Dataset,dga,bjhbquerque,11,dga_11_12
bkpqnocgywde.org,1,ExtraHop/DGA-Detection-Training-Dataset,dga,bkpqnocgywde,12,dga_11_12
bnobyfdbrdx.com,1,ExtraHop/DGA-Detection-Training-Dataset,dga,bnobyfdbrdx,11,dga_11_12
bojaypdfsqzq.com,1,ExtraHop/DGA-Detection-Training-Dataset,dga,bojaypdfsqzq,12,dga_11_12
bpjklyfmzjy.com,1,ExtraHop/DGA-Detection-Training-Dataset,dga,bpjklyfmzjy,11,dga_11_12
bpputaprius.org,1,ExtraHop/DGA-Detection-Training-Dataset,dga,bpputaprius,11,dga_11_12
bpsiepictom.net,1,ExtraHop/DGA-Detection-Training-Dataset,dga,bpsiepictom,11,dga_11_12
bpsnksrrrqdg.info,1,ExtraHop/DGA-Detection-Training-Dataset,dga,bpsnksrrrqdg,12,dga_11_12
bpvmurqloooc.org,1,ExtraHop/DGA-Detection-Training-Dataset,dga,bpvmurqloooc,12,dga_11_12
bqibnjdufont.com,1,ExtraHop/DGA-Detection-Training-Dataset,dga,bqibnjdufont,12,dga_11_12
bripoylfaks.org,1,ExtraHop/DGA-Detection-Training-Dataset,dga,bripoylfaks,11,dga_11_12
brversvkfvey.info,1,ExtraHop/DGA-Detection-Training-Dataset,dga,brversvkfvey,12,dga_11_12
brvnsttmrfop.com,1,ExtraHop/DGA-Detection-Training-Dataset,dga,brvnsttmrfop,12,dga_11_12
bscarjratplz.org,1,ExtraHop/DGA-Detection-Training-Dataset,dga,bscarjratplz,12,dga_11_12
bsceumnjibko.com,1,ExtraHop/DGA-Detection-Training-Dataset,dga,bsceumnjibko,12,dga_11_12
bsnvhepaeky.info,1,ExtraHop/DGA-Detection-Training-Dataset,dga,bsnvhepaeky,11,dga_11_12
bucjqascabg.com,1,ExtraHop/DGA-Detection-Training-Dataset,dga,bucjqascabg,11,dga_11_12
bufnudsibcjc.com,1,ExtraHop/DGA-Detection-Training-Dataset,dga,bufnudsibcjc,12,dga_11_12
bvtgancorml.com,1,ExtraHop/DGA-Detection-Training-Dataset,dga,bvtgancorml,11,dga_11_12
bvzsficlight.com,1,ExtraHop/DGA-Detection-Training-Dataset,dga,bvzsficlight,12,dga_11_12
bwmmfljltcg.net,1,ExtraHop/DGA-Detection-Training-Dataset,dga,bwmmfljltcg,11,dga_11_12
bxjjmonkeys.net,1,ExtraHop/DGA-Detection-Training-Dataset,dga,bxjjmonkeys,11,dga_11_12
bxorruxhlkcb.net,1,ExtraHop/DGA-Detection-Training-Dataset,dga,bxorruxhlkcb,12,dga_11_12
byucdovvnmmj.com,1,ExtraHop/DGA-Detection-Training-Dataset,dga,byucdovvnmmj,12,dga_11_12
cbqpsadukous.net,1,ExtraHop/DGA-Detection-Training-Dataset,dga,cbqpsadukous,12,dga_11_12
cbxvdnlfbnzb.org,1,ExtraHop/DGA-Detection-Training-Dataset,dga,cbxvdnlfbnzb,12,dga_11_12
ccfegvhphdfb.com,1,ExtraHop/DGA-Detection-Training-Dataset,dga,ccfegvhphdfb,12,dga_11_12
cclnqpqkoabd.info,1,ExtraHop/DGA-Detection-Training-Dataset,dga,cclnqpqkoabd,12,dga_11_12
cdbwxcmoxar.info,1,ExtraHop/DGA-Detection-Training-Dataset,dga,cdbwxcmoxar,11,dga_11_12
cdxinkltpel.info,1,ExtraHop/DGA-Detection-Training-Dataset,dga,cdxinkltpel,11,dga_11_12
cefuvdcjrryf.info,1,ExtraHop/DGA-Detection-Training-Dataset,dga,cefuvdcjrryf,12,dga_11_12
cegoeyiyuyee.com,1,ExtraHop/DGA-Detection-Training-Dataset,dga,cegoeyiyuyee,12,dga_11_12
cegsicyumyq.info,1,ExtraHop/DGA-Detection-Training-Dataset,dga,cegsicyumyq,11,dga_11_12
ceocupvahil.org,1,ExtraHop/DGA-Detection-Training-Dataset,dga,ceocupvahil,11,dga_11_12
ceqeiiwkesok.net,1,ExtraHop/DGA-Detection-Training-Dataset,dga,ceqeiiwkesok,12,dga_11_12
ceqoqwoaaoa.net,1,ExtraHop/DGA-Detection-Training-Dataset,dga,ceqoqwoaaoa,11,dga_11_12
cfhwdqxqdez.com,1,ExtraHop/DGA-Detection-Training-Dataset,dga,cfhwdqxqdez,11,dga_11_12
cfmhwkvuliby.com,1,ExtraHop/DGA-Detection-Training-Dataset,dga,cfmhwkvuliby,12,dga_11_12
cgbbpymvmdov.net,1,ExtraHop/DGA-Detection-Training-Dataset,dga,cgbbpymvmdov,12,dga_11_12
cgesdhockey.net,1,ExtraHop/DGA-Detection-Training-Dataset,dga,cgesdhockey,11,dga_11_12
cifeareisbad.com,1,ExtraHop/DGA-Detection-Training-Dataset,dga,cifeareisbad,12,dga_11_12
cihyrimymen.net,1,ExtraHop/DGA-Detection-Training-Dataset,dga,cihyrimymen,11,dga_11_12
cijzixjaikv.info,1,ExtraHop/DGA-Detection-Training-Dataset,dga,cijzixjaikv,11,dga_11_12
cipiaqruczh.com,1,ExtraHop/DGA-Detection-Training-Dataset,dga,cipiaqruczh,11,dga_11_12
cipjrancisco.com,1,ExtraHop/DGA-Detection-Training-Dataset,dga,cipjrancisco,12,dga_11_12
ciqxzmaelsh.net,1,ExtraHop/DGA-Detection-Training-Dataset,dga,ciqxzmaelsh,11,dga_11_12
cixrficlight.info,1,ExtraHop/DGA-Detection-Training-Dataset,dga,cixrficlight,12,dga_11_12
ciyyudfshkac.org,1,ExtraHop/DGA-Detection-Training-Dataset,dga,ciyyudfshkac,12,dga_11_12
cjriyinjlltm.info,1,ExtraHop/DGA-Detection-Training-Dataset,dga,cjriyinjlltm,12,dga_11_12
ckyijsxwlxv.org,1,ExtraHop/DGA-Detection-Training-Dataset,dga,ckyijsxwlxv,11,dga_11_12
clppbyutuvvb.net,1,ExtraHop/DGA-Detection-Training-Dataset,dga,clppbyutuvvb,12,dga_11_12
cmryhgnghcn.net,1,ExtraHop/DGA-Detection-Training-Dataset,dga,cmryhgnghcn,11,dga_11_12
codqoopgrem.net,1,ExtraHop/DGA-Detection-Training-Dataset,dga,codqoopgrem,11,dga_11_12
coksmonkeys.net,1,ExtraHop/DGA-Detection-Training-Dataset,dga,coksmonkeys,11,dga_11_12
cpgmhirehkr.com,1,ExtraHop/DGA-Detection-Training-Dataset,dga,cpgmhirehkr,11,dga_11_12
cqeqtaprius.net,1,ExtraHop/DGA-Detection-Training-Dataset,dga,cqeqtaprius,11,dga_11_12
cqfgporsche.info,1,ExtraHop/DGA-Detection-Training-Dataset,dga,cqfgporsche,11,dga_11_12
cqivican765.com,1,ExtraHop/DGA-Detection-Training-Dataset,dga,cqivican765,11,dga_11_12
cqlmuduwkkov.org,1,ExtraHop/DGA-Detection-Training-Dataset,dga,cqlmuduwkkov,12,dga_11_12
crvrjtxvuyju.com,1,ExtraHop/DGA-Detection-Training-Dataset,dga,crvrjtxvuyju,12,dga_11_12
csdopwfamqa.org,1,ExtraHop/DGA-Detection-Training-Dataset,dga,csdopwfamqa,11,dga_11_12
cssreejwfwwx.info,1,ExtraHop/DGA-Detection-Training-Dataset,dga,cssreejwfwwx,12,dga_11_12
cttghpnkkbbe.org,1,ExtraHop/DGA-Detection-Training-Dataset,dga,cttghpnkkbbe,12,dga_11_12
cutasiydalqu.info,1,ExtraHop/DGA-Detection-Training-Dataset,dga,cutasiydalqu,12,dga_11_12
cvyflqoowbca.com,1,ExtraHop/DGA-Detection-Training-Dataset,dga,cvyflqoowbca,12,dga_11_12
cwomruyqxwmk.com,1,ExtraHop/DGA-Detection-Training-Dataset,dga,cwomruyqxwmk,12,dga_11_12
cxgurklpdul.com,1,ExtraHop/DGA-Detection-Training-Dataset,dga,cxgurklpdul,11,dga_11_12
cxkexcxquag.net,1,ExtraHop/DGA-Detection-Training-Dataset,dga,cxkexcxquag,11,dga_11_12
cygurjczczx.com,1,ExtraHop/DGA-Detection-Training-Dataset,dga,cygurjczczx,11,dga_11_12
cylimvfilht.info,1,ExtraHop/DGA-Detection-Training-Dataset,dga,cylimvfilht,11,dga_11_12
daapunagtogi.org,1,ExtraHop/DGA-Detection-Training-Dataset,dga,daapunagtogi,12,dga_11_12
daemvkmflsb.net,1,ExtraHop/DGA-Detection-Training-Dataset,dga,daemvkmflsb,11,dga_11_12
dbgbrancisco.net,1,ExtraHop/DGA-Detection-Training-Dataset,dga,dbgbrancisco,12,dga_11_12
dcbfebfwwrxi.com,1,ExtraHop/DGA-Detection-Training-Dataset,dga,dcbfebfwwrxi,12,dga_11_12
dchycldwtwi.net,1,ExtraHop/DGA-Detection-Training-Dataset,dga,dchycldwtwi,11,dga_11_12
dcnedxkjsths.com,1,ExtraHop/DGA-Detection-Training-Dataset,dga,dcnedxkjsths,12,dga_11_12
ddctareisbad.org,1,ExtraHop/DGA-Detection-Training-Dataset,dga,ddctareisbad,12,dga_11_12
ddfidigvvnrr.com,1,ExtraHop/DGA-Detection-Training-Dataset,dga,ddfidigvvnrr,12,dga_11_12
ddlnwknmwhhx.net,1,ExtraHop/DGA-Detection-Training-Dataset,dga,ddlnwknmwhhx,12,dga_11_12
ddrvficlight.info,1,ExtraHop/DGA-Detection-Training-Dataset,dga,ddrvficlight,12,dga_11_12
ddsycumporyr.info,1,ExtraHop/DGA-Detection-Training-Dataset,dga,ddsycumporyr,12,dga_11_12
depcakmtomp.net,1,ExtraHop/DGA-Detection-Training-Dataset,dga,depcakmtomp,11,dga_11_12
dfwbficlight.net,1,ExtraHop/DGA-Detection-Training-Dataset,dga,dfwbficlight,12,dga_11_12
dgefgffdmmnu.com,1,ExtraHop/DGA-Detection-Training-Dataset,dga,dgefgffdmmnu,12,dga_11_12
dgywpnmiwle.info,1,ExtraHop/DGA-Detection-Training-Dataset,dga,dgywpnmiwle,11,dga_11_12
dhhjmonkeys.net,1,ExtraHop/DGA-Detection-Training-Dataset,dga,dhhjmonkeys,11,dga_11_12
dhlaageclaim.info,1,ExtraHop/DGA-Detection-Training-Dataset,dga,dhlaageclaim,12,dga_11_12
dhlqksgroooi.com,1,ExtraHop/DGA-Detection-Training-Dataset,dga,dhlqksgroooi,12,dga_11_12
dikafyzetajy.org,1,ExtraHop/DGA-Detection-Training-Dataset,dga,dikafyzetajy,12,dga_11_12
dimajezitejy.net,1,ExtraHop/DGA-Detection-Training-Dataset,dga,dimajezitejy,12,dga_11_12
disaxizetily.info,1,ExtraHop/DGA-Detection-Training-Dataset,dga,disaxizetily,12,dga_11_12
divaxawytude.org,1,ExtraHop/DGA-Detection-Training-Dataset,dga,divaxawytude,12,dga_11_12
diwelolbryeo.com,1,ExtraHop/DGA-Detection-Training-Dataset,dga,diwelolbryeo,12,dga_11_12
dixafobotoho.net,1,ExtraHop/DGA-Detection-Training-Dataset,dga,dixafobotoho,12,dga_11_12
dixatazutoby.info,1,ExtraHop/DGA-Detection-Training-Dataset,dga,dixatazutoby,12,dga_11_12
dkhugywbrmn.org,1,ExtraHop/DGA-Detection-Training-Dataset,dga,dkhugywbrmn,11,dga_11_12
dllkjpkkrrbf.info,1,ExtraHop/DGA-Detection-Training-Dataset,dga,dllkjpkkrrbf,12,dga_11_12
dlpibrsfvwdl.net,1,ExtraHop/DGA-Detection-Training-Dataset,dga,dlpibrsfvwdl,12,dga_11_12
dmnryhcbvjbb.info,1,ExtraHop/DGA-Detection-Training-Dataset,dga,dmnryhcbvjbb,12,dga_11_12
dmwmlabodzbh.org,1,ExtraHop/DGA-Detection-Training-Dataset,dga,dmwmlabodzbh,12,dga_11_12
dnqkrulegacy.com,1,ExtraHop/DGA-Detection-Training-Dataset,dga,dnqkrulegacy,12,dga_11_12
dnvopijmlcdx.net,1,ExtraHop/DGA-Detection-Training-Dataset,dga,dnvopijmlcdx,12,dga_11_12
dodhvzuuteqb.org,1,ExtraHop/DGA-Detection-Training-Dataset,dga,dodhvzuuteqb,12,dga_11_12
drduzkvfchao.org,1,ExtraHop/DGA-Detection-Training-Dataset,dga,drduzkvfchao,12,dga_11_12
dssfvduuyyxh.com,1,ExtraHop/DGA-Detection-Training-Dataset,dga,dssfvduuyyxh,12,dga_11_12
dtarrjlyahev.org,1,ExtraHop/DGA-Detection-Training-Dataset,dga,dtarrjlyahev,12,dga_11_12
dtdgxxxqiepr.net,1,ExtraHop/DGA-Detection-Training-Dataset,dga,dtdgxxxqiepr,12,dga_11_12
dtumancorml.org,1,ExtraHop/DGA-Detection-Training-Dataset,dga,dtumancorml,11,dga_11_12
dupsqbqdeilb.net,1,ExtraHop/DGA-Detection-Training-Dataset,dga,dupsqbqdeilb,12,dga_11_12
dvsytaprius.net,1,ExtraHop/DGA-Detection-Training-Dataset,dga,dvsytaprius,11,dga_11_12
dvvvjnohyyyf.org,1,ExtraHop/DGA-Detection-Training-Dataset,dga,dvvvjnohyyyf,12,dga_11_12
dxuykfupbnwx.org,1,ExtraHop/DGA-Detection-Training-Dataset,dga,dxuykfupbnwx,12,dga_11_12
dyjyvgcxfnrh.info,1,ExtraHop/DGA-Detection-Training-Dataset,dga,dyjyvgcxfnrh,12,dga_11_12
dyvirfhfsmcg.org,1,ExtraHop/DGA-Detection-Training-Dataset,dga,dyvirfhfsmcg,12,dga_11_12
dzcsaultlgk.info,1,ExtraHop/DGA-Detection-Training-Dataset,dga,dzcsaultlgk,11,dga_11_12
dzspengerjet.info,1,ExtraHop/DGA-Detection-Training-Dataset,dga,dzspengerjet,12,dga_11_12
eahetaprius.org,1,ExtraHop/DGA-Detection-Training-Dataset,dga,eahetaprius,11,dga_11_12
eatcezesawa.org,1,ExtraHop/DGA-Detection-Training-Dataset,dga,eatcezesawa,11,dga_11_12
ebnxkbdxwaw.net,1,ExtraHop/DGA-Detection-Training-Dataset,dga,ebnxkbdxwaw,11,dga_11_12
eciuengerjet.org,1,ExtraHop/DGA-Detection-Training-Dataset,dga,eciuengerjet,12,dga_11_12
ecttordf150.net,1,ExtraHop/DGA-Detection-Training-Dataset,dga,ecttordf150,11,dga_11_12
edckxxgokqjj.com,1,ExtraHop/DGA-Detection-Training-Dataset,dga,edckxxgokqjj,12,dga_11_12
edcrslmuvndg.org,1,ExtraHop/DGA-Detection-Training-Dataset,dga,edcrslmuvndg,12,dga_11_12
eddbrfyklov.info,1,ExtraHop/DGA-Detection-Training-Dataset,dga,eddbrfyklov,11,dga_11_12
ediiluvqpsrj.org,1,ExtraHop/DGA-Detection-Training-Dataset,dga,ediiluvqpsrj,12,dga_11_12
edjefvrekxl.com,1,ExtraHop/DGA-Detection-Training-Dataset,dga,edjefvrekxl,11,dga_11_12
eeeqpawujic.net,1,ExtraHop/DGA-Detection-Training-Dataset,dga,eeeqpawujic,11,dga_11_12
eehiordf150.org,1,ExtraHop/DGA-Detection-Training-Dataset,dga,eehiordf150,11,dga_11_12
eeimordf150.com,1,ExtraHop/DGA-Detection-Training-Dataset,dga,eeimordf150,11,dga_11_12
eelamwjghgo.net,1,ExtraHop/DGA-Detection-Training-Dataset,dga,eelamwjghgo,11,dga_11_12
eemnqqmcdxxg.info,1,ExtraHop/DGA-Detection-Training-Dataset,dga,eemnqqmcdxxg,12,dga_11_12
efavpfelujfg.net,1,ExtraHop/DGA-Detection-Training-Dataset,dga,efavpfelujfg,12,dga_11_12
efecnmjknxhq.net,1,ExtraHop/DGA-Detection-Training-Dataset,dga,efecnmjknxhq,12,dga_11_12
efedsssfixsx.net,1,ExtraHop/DGA-Detection-Training-Dataset,dga,efedsssfixsx,12,dga_11_12
efedxppdxonm.com,1,ExtraHop/DGA-Detection-Training-Dataset,dga,efedxppdxonm,12,dga_11_12
egpsbghergt.com,1,ExtraHop/DGA-Detection-Training-Dataset,dga,egpsbghergt,11,dga_11_12
egvzqqupiql.info,1,ExtraHop/DGA-Detection-Training-Dataset,dga,egvzqqupiql,11,dga_11_12
ehbhftdceah.net,1,ExtraHop/DGA-Detection-Training-Dataset,dga,ehbhftdceah,11,dga_11_12
ehdmwyybznjn.info,1,ExtraHop/DGA-Detection-Training-Dataset,dga,ehdmwyybznjn,12,dga_11_12
ehihbagatkm.net,1,ExtraHop/DGA-Detection-Training-Dataset,dga,ehihbagatkm,11,dga_11_12
ehlycfgubsf.com,1,ExtraHop/DGA-Detection-Training-Dataset,dga,ehlycfgubsf,11,dga_11_12
ehmfafickpey.org,1,ExtraHop/DGA-Detection-Training-Dataset,dga,ehmfafickpey,12,dga_11_12
ehqghosovup.org,1,ExtraHop/DGA-Detection-Training-Dataset,dga,ehqghosovup,11,dga_11_12
ehtxlapydyf.com,1,ExtraHop/DGA-Detection-Training-Dataset,dga,ehtxlapydyf,11,dga_11_12
eibtiqonvqd.org,1,ExtraHop/DGA-Detection-Training-Dataset,dga,eibtiqonvqd,11,dga_11_12
eickkokcqme.net,1,ExtraHop/DGA-Detection-Training-Dataset,dga,eickkokcqme,11,dga_11_12
eicmancorml.org,1,ExtraHop/DGA-Detection-Training-Dataset,dga,eicmancorml,11,dga_11_12
eigaaqumaqg.info,1,ExtraHop/DGA-Detection-Training-Dataset,dga,eigaaqumaqg,11,dga_11_12
eigioougsuw.net,1,ExtraHop/DGA-Detection-Training-Dataset,dga,eigioougsuw,11,dga_11_12
eiomlqcyumj.org,1,ExtraHop/DGA-Detection-Training-Dataset,dga,eiomlqcyumj,11,dga_11_12
eisgkaegcgee.info,1,ExtraHop/DGA-Detection-Training-Dataset,dga,eisgkaegcgee,12,dga_11_12
eiyscwsyagi.info,1,ExtraHop/DGA-Detection-Training-Dataset,dga,eiyscwsyagi,11,dga_11_12
ejwphxfrrxim.info,1,ExtraHop/DGA-Detection-Training-Dataset,dga,ejwphxfrrxim,12,dga_11_12
ekpcxszczsd.com,1,ExtraHop/DGA-Detection-Training-Dataset,dga,ekpcxszczsd,11,dga_11_12
ekwfjpwbtpsv.com,1,ExtraHop/DGA-Detection-Training-Dataset,dga,ekwfjpwbtpsv,12,dga_11_12
el1wgzndvlu.net,1,ExtraHop/DGA-Detection-Training-Dataset,dga,el1wgzndvlu,11,dga_11_12
elbkmeqvfffu.info,1,ExtraHop/DGA-Detection-Training-Dataset,dga,elbkmeqvfffu,12,dga_11_12
eltwtiiqzai.net,1,ExtraHop/DGA-Detection-Training-Dataset,dga,eltwtiiqzai,11,dga_11_12
emhvjgqrkgxx.net,1,ExtraHop/DGA-Detection-Training-Dataset,dga,emhvjgqrkgxx,12,dga_11_12
empgswvhaytg.org,1,ExtraHop/DGA-Detection-Training-Dataset,dga,empgswvhaytg,12,dga_11_12
eowbqucdpuw.net,1,ExtraHop/DGA-Detection-Training-Dataset,dga,eowbqucdpuw,11,dga_11_12
epombvwqabw.info,1,ExtraHop/DGA-Detection-Training-Dataset,dga,epombvwqabw,11,dga_11_12
eqchihgoojps.info,1,ExtraHop/DGA-Detection-Training-Dataset,dga,eqchihgoojps,12,dga_11_12
eqdoepictom.info,1,ExtraHop/DGA-Detection-Training-Dataset,dga,eqdoepictom,11,dga_11_12
eqduporsche.info,1,ExtraHop/DGA-Detection-Training-Dataset,dga,eqduporsche,11,dga_11_12
esehouzzrhol.info,1,ExtraHop/DGA-Detection-Training-Dataset,dga,esehouzzrhol,12,dga_11_12
esrtgbpiebk.info,1,ExtraHop/DGA-Detection-Training-Dataset,dga,esrtgbpiebk,11,dga_11_12
eupjjgjtojb.info,1,ExtraHop/DGA-Detection-Training-Dataset,dga,eupjjgjtojb,11,dga_11_12
ewocjwpujml.net,1,ExtraHop/DGA-Detection-Training-Dataset,dga,ewocjwpujml,11,dga_11_12
ewyoepictom.org,1,ExtraHop/DGA-Detection-Training-Dataset,dga,ewyoepictom,11,dga_11_12
exejsedydpdb.net,1,ExtraHop/DGA-Detection-Training-Dataset,dga,exejsedydpdb,12,dga_11_12
exibjqrbdosi.info,1,ExtraHop/DGA-Detection-Training-Dataset,dga,exibjqrbdosi,12,dga_11_12
farlbyurecyx.org,1,ExtraHop/DGA-Detection-Training-Dataset,dga,farlbyurecyx,12,dga_11_12
fauygpuizun.info,1,ExtraHop/DGA-Detection-Training-Dataset,dga,fauygpuizun,11,dga_11_12
fbjldhockey.org,1,ExtraHop/DGA-Detection-Training-Dataset,dga,fbjldhockey,11,dga_11_12
fbsqdpfdfmg.com,1,ExtraHop/DGA-Detection-Training-Dataset,dga,fbsqdpfdfmg,11,dga_11_12
fcceabiojli.info,1,ExtraHop/DGA-Detection-Training-Dataset,dga,fcceabiojli,11,dga_11_12
fckkttnfggoq.org,1,ExtraHop/DGA-Detection-Training-Dataset,dga,fckkttnfggoq,12,dga_11_12
fcsykavslngc.com,1,ExtraHop/DGA-Detection-Training-Dataset,dga,fcsykavslngc,12,dga_11_12
fdmwrulegacy.net,1,ExtraHop/DGA-Detection-Training-Dataset,dga,fdmwrulegacy,12,dga_11_12
ffenquerque.com,1,ExtraHop/DGA-Detection-Training-Dataset,dga,ffenquerque,11,dga_11_12
ffivrulegacy.com,1,ExtraHop/DGA-Detection-Training-Dataset,dga,ffivrulegacy,12,dga_11_12
ffkgpapzerf.net,1,ExtraHop/DGA-Detection-Training-Dataset,dga,ffkgpapzerf,11,dga_11_12
ffmvtcrivhir.org,1,ExtraHop/DGA-Detection-Training-Dataset,dga,ffmvtcrivhir,12,dga_11_12
fgtkfprbtsn.net,1,ExtraHop/DGA-Detection-Training-Dataset,dga,fgtkfprbtsn,11,dga_11_12
fhxzhcaemnnn.net,1,ExtraHop/DGA-Detection-Training-Dataset,dga,fhxzhcaemnnn,12,dga_11_12
fkttopbooonu.com,1,ExtraHop/DGA-Detection-Training-Dataset,dga,fkttopbooonu,12,dga_11_12
fkwqglixzira.com,1,ExtraHop/DGA-Detection-Training-Dataset,dga,fkwqglixzira,12,dga_11_12
fmkmfscfwknt.net,1,ExtraHop/DGA-Detection-Training-Dataset,dga,fmkmfscfwknt,12,dga_11_12
fmnrzxchrszo.info,1,ExtraHop/DGA-Detection-Training-Dataset,dga,fmnrzxchrszo,12,dga_11_12
fmqehetkfnt.net,1,ExtraHop/DGA-Detection-Training-Dataset,dga,fmqehetkfnt,11,dga_11_12
fmqwlooijfkb.info,1,ExtraHop/DGA-Detection-Training-Dataset,dga,fmqwlooijfkb,12,dga_11_12
fnnwukxhpchc.info,1,ExtraHop/DGA-Detection-Training-Dataset,dga,fnnwukxhpchc,12,dga_11_12
fnpeageclaim.org,1,ExtraHop/DGA-Detection-Training-Dataset,dga,fnpeageclaim,12,dga_11_12
fphvizhrdln.org,1,ExtraHop/DGA-Detection-Training-Dataset,dga,fphvizhrdln,11,dga_11_12
fqvawsvujjd.info,1,ExtraHop/DGA-Detection-Training-Dataset,dga,fqvawsvujjd,11,dga_11_12
ftmlinglane.net,1,ExtraHop/DGA-Detection-Training-Dataset,dga,ftmlinglane,11,dga_11_12
ftobjnjdyscp.org,1,ExtraHop/DGA-Detection-Training-Dataset,dga,ftobjnjdyscp,12,dga_11_12
ftodrancisco.com,1,ExtraHop/DGA-Detection-Training-Dataset,dga,ftodrancisco,12,dga_11_12
fvyxnbjowdp.org,1,ExtraHop/DGA-Detection-Training-Dataset,dga,fvyxnbjowdp,11,dga_11_12
fwdqegeisih.info,1,ExtraHop/DGA-Detection-Training-Dataset,dga,fwdqegeisih,11,dga_11_12
fwypsjmdyeqc.info,1,ExtraHop/DGA-Detection-Training-Dataset,dga,fwypsjmdyeqc,12,dga_11_12
fxlkporsche.org,1,ExtraHop/DGA-Detection-Training-Dataset,dga,fxlkporsche,11,dga_11_12
g5ds5dr3b2x.net,1,ExtraHop/DGA-Detection-Training-Dataset,dga,g5ds5dr3b2x,11,dga_11_12
gacykiwokul.info,1,ExtraHop/DGA-Detection-Training-Dataset,dga,gacykiwokul,11,dga_11_12
gadypyhukyn.com,1,ExtraHop/DGA-Detection-Training-Dataset,dga,gadypyhukyn,11,dga_11_12
gahynazykam.net,1,ExtraHop/DGA-Detection-Training-Dataset,dga,gahynazykam,11,dga_11_12
ganyfeseken.com,1,ExtraHop/DGA-Detection-Training-Dataset,dga,ganyfeseken,11,dga_11_12
gaxtrancisco.com,1,ExtraHop/DGA-Detection-Training-Dataset,dga,gaxtrancisco,12,dga_11_12
gbganbygadwq.org,1,ExtraHop/DGA-Detection-Training-Dataset,dga,gbganbygadwq,12,dga_11_12
gcgfbjvohdsf.org,1,ExtraHop/DGA-Detection-Training-Dataset,dga,gcgfbjvohdsf,12,dga_11_12
gerhhucyider.org,1,ExtraHop/DGA-Detection-Training-Dataset,dga,gerhhucyider,12,dga_11_12
gfmdbcsrhvyi.info,1,ExtraHop/DGA-Detection-Training-Dataset,dga,gfmdbcsrhvyi,12,dga_11_12
gfsuowlxgwuw.info,1,ExtraHop/DGA-Detection-Training-Dataset,dga,gfsuowlxgwuw,12,dga_11_12
gfvxfkvfxhqg.net,1,ExtraHop/DGA-Detection-Training-Dataset,dga,gfvxfkvfxhqg,12,dga_11_12
ggghiqtsbvvf.info,1,ExtraHop/DGA-Detection-Training-Dataset,dga,ggghiqtsbvvf,12,dga_11_12
ghtmaoubmgr.com,1,ExtraHop/DGA-Detection-Training-Dataset,dga,ghtmaoubmgr,11,dga_11_12
ginultwlaoeg.org,1,ExtraHop/DGA-Detection-Training-Dataset,dga,ginultwlaoeg,12,dga_11_12
gkntubmdtumv.com,1,ExtraHop/DGA-Detection-Training-Dataset,dga,gkntubmdtumv,12,dga_11_12
gksbrirxivbb.com,1,ExtraHop/DGA-Detection-Training-Dataset,dga,gksbrirxivbb,12,dga_11_12
glifggfjkdpx.org,1,ExtraHop/DGA-Detection-Training-Dataset,dga,glifggfjkdpx,12,dga_11_12
gmfsepictom.net,1,ExtraHop/DGA-Detection-Training-Dataset,dga,gmfsepictom,11,dga_11_12
gmicuioucuku.net,1,ExtraHop/DGA-Detection-Training-Dataset,dga,gmicuioucuku,12,dga_11_12
gmmewgyugaoc.net,1,ExtraHop/DGA-Detection-Training-Dataset,dga,gmmewgyugaoc,12,dga_11_12
gmqkymoycei.com,1,ExtraHop/DGA-Detection-Training-Dataset,dga,gmqkymoycei,11,dga_11_12
gmseucqkgag.org,1,ExtraHop/DGA-Detection-Training-Dataset,dga,gmseucqkgag,11,dga_11_12
gmsgwqgekoq.org,1,ExtraHop/DGA-Detection-Training-Dataset,dga,gmsgwqgekoq,11,dga_11_12
gmuqrouzxiej.info,1,ExtraHop/DGA-Detection-Training-Dataset,dga,gmuqrouzxiej,12,dga_11_12
gophppknnnjm.info,1,ExtraHop/DGA-Detection-Training-Dataset,dga,gophppknnnjm,12,dga_11_12
gpkhswkdfmiy.info,1,ExtraHop/DGA-Detection-Training-Dataset,dga,gpkhswkdfmiy,12,dga_11_12
gpuf4tyfk5uf.net,1,ExtraHop/DGA-Detection-Training-Dataset,dga,gpuf4tyfk5uf,12,dga_11_12
gqfnzmxwhhh.net,1,ExtraHop/DGA-Detection-Training-Dataset,dga,gqfnzmxwhhh,11,dga_11_12
gqxamonkeys.com,1,ExtraHop/DGA-Detection-Training-Dataset,dga,gqxamonkeys,11,dga_11_12
gslaqnqdukfe.com,1,ExtraHop/DGA-Detection-Training-Dataset,dga,gslaqnqdukfe,12,dga_11_12
gujalkrhpkr.com,1,ExtraHop/DGA-Detection-Training-Dataset,dga,gujalkrhpkr,11,dga_11_12
gvzocxzmtunr.org,1,ExtraHop/DGA-Detection-Training-Dataset,dga,gvzocxzmtunr,12,dga_11_12
gwkwtaprius.com,1,ExtraHop/DGA-Detection-Training-Dataset,dga,gwkwtaprius,11,dga_11_12
gwsoraiugkeq.info,1,ExtraHop/DGA-Detection-Training-Dataset,dga,gwsoraiugkeq,12,dga_11_12
hcgovgmevsbj.org,1,ExtraHop/DGA-Detection-Training-Dataset,dga,hcgovgmevsbj,12,dga_11_12
hdgcyonkakwz.org,1,ExtraHop/DGA-Detection-Training-Dataset,dga,hdgcyonkakwz,12,dga_11_12
hdnsmdlslwju.info,1,ExtraHop/DGA-Detection-Training-Dataset,dga,hdnsmdlslwju,12,dga_11_12
hdrsficlight.info,1,ExtraHop/DGA-Detection-Training-Dataset,dga,hdrsficlight,12,dga_11_12
hfcarancisco.org,1,ExtraHop/DGA-Detection-Training-Dataset,dga,hfcarancisco,12,dga_11_12
hfxhareisbad.net,1,ExtraHop/DGA-Detection-Training-Dataset,dga,hfxhareisbad,12,dga_11_12
hfydjwjwvvzk.com,1,ExtraHop/DGA-Detection-Training-Dataset,dga,hfydjwjwvvzk,12,dga_11_12
hgbjpcsthxj.info,1,ExtraHop/DGA-Detection-Training-Dataset,dga,hgbjpcsthxj,11,dga_11_12
hhgcwgbbogkx.com,1,ExtraHop/DGA-Detection-Training-Dataset,dga,hhgcwgbbogkx,12,dga_11_12
hhhtcuuuvelb.net,1,ExtraHop/DGA-Detection-Training-Dataset,dga,hhhtcuuuvelb,12,dga_11_12
hhjkdhockey.com,1,ExtraHop/DGA-Detection-Training-Dataset,dga,hhjkdhockey,11,dga_11_12
hhjuancorml.net,1,ExtraHop/DGA-Detection-Training-Dataset,dga,hhjuancorml,11,dga_11_12
hhlybnldkvre.com,1,ExtraHop/DGA-Detection-Training-Dataset,dga,hhlybnldkvre,12,dga_11_12
hhoovygkjcwk.org,1,ExtraHop/DGA-Detection-Training-Dataset,dga,hhoovygkjcwk,12,dga_11_12
hhwqxmqoxnvi.net,1,ExtraHop/DGA-Detection-Training-Dataset,dga,hhwqxmqoxnvi,12,dga_11_12
hjenohhhhmqm.com,1,ExtraHop/DGA-Detection-Training-Dataset,dga,hjenohhhhmqm,12,dga_11_12
hjxqordf150.info,1,ExtraHop/DGA-Detection-Training-Dataset,dga,hjxqordf150,11,dga_11_12
hkkdmgbotdh.info,1,ExtraHop/DGA-Detection-Training-Dataset,dga,hkkdmgbotdh,11,dga_11_12
hktzmscfgfwe.info,1,ExtraHop/DGA-Detection-Training-Dataset,dga,hktzmscfgfwe,12,dga_11_12
hldstaprius.com,1,ExtraHop/DGA-Detection-Training-Dataset,dga,hldstaprius,11,dga_11_12
hlmnrancisco.net,1,ExtraHop/DGA-Detection-Training-Dataset,dga,hlmnrancisco,12,dga_11_12
hlsvohxuqal.net,1,ExtraHop/DGA-Detection-Training-Dataset,dga,hlsvohxuqal,11,dga_11_12
hlwwvstphrit.net,1,ExtraHop/DGA-Detection-Training-Dataset,dga,hlwwvstphrit,12,dga_11_12
hlxojpfuwdts.net,1,ExtraHop/DGA-Detection-Training-Dataset,dga,hlxojpfuwdts,12,dga_11_12
hnjadtyppvgp.com,1,ExtraHop/DGA-Detection-Training-Dataset,dga,hnjadtyppvgp,12,dga_11_12
hnpyancorml.org,1,ExtraHop/DGA-Detection-Training-Dataset,dga,hnpyancorml,11,dga_11_12
hocmpxdukky.com,1,ExtraHop/DGA-Detection-Training-Dataset,dga,hocmpxdukky,11,dga_11_12
hptwodnityll.net,1,ExtraHop/DGA-Detection-Training-Dataset,dga,hptwodnityll,12,dga_11_12
hpuzquerque.com,1,ExtraHop/DGA-Detection-Training-Dataset,dga,hpuzquerque,11,dga_11_12
hqnlnsckxyxf.org,1,ExtraHop/DGA-Detection-Training-Dataset,dga,hqnlnsckxyxf,12,dga_11_12
htqcktzjcht.info,1,ExtraHop/DGA-Detection-Training-Dataset,dga,htqcktzjcht,11,dga_11_12
htsxsavsbqtr.info,1,ExtraHop/DGA-Detection-Training-Dataset,dga,htsxsavsbqtr,12,dga_11_12
hvskordf150.net,1,ExtraHop/DGA-Detection-Training-Dataset,dga,hvskordf150,11,dga_11_12
hwmqlwihxrd.net,1,ExtraHop/DGA-Detection-Training-Dataset,dga,hwmqlwihxrd,11,dga_11_12
hwtebtngyxuq.info,1,ExtraHop/DGA-Detection-Training-Dataset,dga,hwtebtngyxuq,12,dga_11_12
hxldkdoydjjx.org,1,ExtraHop/DGA-Detection-Training-Dataset,dga,hxldkdoydjjx,12,dga_11_12
hxqnareisbad.net,1,ExtraHop/DGA-Detection-Training-Dataset,dga,hxqnareisbad,12,dga_11_12
hybqrwdydnmv.info,1,ExtraHop/DGA-Detection-Training-Dataset,dga,hybqrwdydnmv,12,dga_11_12
hzwjmonkeys.com,1,ExtraHop/DGA-Detection-Training-Dataset,dga,hzwjmonkeys,11,dga_11_12
iaottwoxsdzp.info,1,ExtraHop/DGA-Detection-Training-Dataset,dga,iaottwoxsdzp,12,dga_11_12
iayqykosuoog.net,1,ExtraHop/DGA-Detection-Training-Dataset,dga,iayqykosuoog,12,dga_11_12
ibbzfjgfcsc.net,1,ExtraHop/DGA-Detection-Training-Dataset,dga,ibbzfjgfcsc,11,dga_11_12
ibrjopmvahuy.info,1,ExtraHop/DGA-Detection-Training-Dataset,dga,ibrjopmvahuy,12,dga_11_12
ieeiykcxsiu.com,1,ExtraHop/DGA-Detection-Training-Dataset,dga,ieeiykcxsiu,11,dga_11_12
iggdvyvgwdyq.com,1,ExtraHop/DGA-Detection-Training-Dataset,dga,iggdvyvgwdyq,12,dga_11_12
igxhficlight.com,1,ExtraHop/DGA-Detection-Training-Dataset,dga,igxhficlight,12,dga_11_12
ihnhykhrlcth.org,1,ExtraHop/DGA-Detection-Training-Dataset,dga,ihnhykhrlcth,12,dga_11_12
ijwxkoyoxokc.org,1,ExtraHop/DGA-Detection-Training-Dataset,dga,ijwxkoyoxokc,12,dga_11_12
ikmnjdsllumt.org,1,ExtraHop/DGA-Detection-Training-Dataset,dga,ikmnjdsllumt,12,dga_11_12
imjfareisbad.net,1,ExtraHop/DGA-Detection-Training-Dataset,dga,imjfareisbad,12,dga_11_12
inzcftqiosdo.info,1,ExtraHop/DGA-Detection-Training-Dataset,dga,inzcftqiosdo,12,dga_11_12
iorqdftswog.net,1,ExtraHop/DGA-Detection-Training-Dataset,dga,iorqdftswog,11,dga_11_12
iorrengerjet.org,1,ExtraHop/DGA-Detection-Training-Dataset,dga,iorrengerjet,12,dga_11_12
ipcqlwomtnq.net,1,ExtraHop/DGA-Detection-Training-Dataset,dga,ipcqlwomtnq,11,dga_11_12
ipyihcfljifo.org,1,ExtraHop/DGA-Detection-Training-Dataset,dga,ipyihcfljifo,12,dga_11_12
iqawancorml.info,1,ExtraHop/DGA-Detection-Training-Dataset,dga,iqawancorml,11,dga_11_12
iqgikoyggmkq.net,1,ExtraHop/DGA-Detection-Training-Dataset,dga,iqgikoyggmkq,12,dga_11_12
iqgwemgmkmwg.com,1,ExtraHop/DGA-Detection-Training-Dataset,dga,iqgwemgmkmwg,12,dga_11_12
iqiayuiyuksu.net,1,ExtraHop/DGA-Detection-Training-Dataset,dga,iqiayuiyuksu,12,dga_11_12
iqikieosaoua.com,1,ExtraHop/DGA-Detection-Training-Dataset,dga,iqikieosaoua,12,dga_11_12
iqksmyyoege.com,1,ExtraHop/DGA-Detection-Training-Dataset,dga,iqksmyyoege,11,dga_11_12
iqqqcoosagc.org,1,ExtraHop/DGA-Detection-Training-Dataset,dga,iqqqcoosagc,11,dga_11_12
isusqo2sq86s.info,1,ExtraHop/DGA-Detection-Training-Dataset,dga,isusqo2sq86s,12,dga_11_12
itdermmccwpu.com,1,ExtraHop/DGA-Detection-Training-Dataset,dga,itdermmccwpu,12,dga_11_12
iufeheqrcrun.com,1,ExtraHop/DGA-Detection-Training-Dataset,dga,iufeheqrcrun,12,dga_11_12
iulnwiypwqtj.net,1,ExtraHop/DGA-Detection-Training-Dataset,dga,iulnwiypwqtj,12,dga_11_12
iuvhfccltgr.net,1,ExtraHop/DGA-Detection-Training-Dataset,dga,iuvhfccltgr,11,dga_11_12
iuykxgvwudn.net,1,ExtraHop/DGA-Detection-Training-Dataset,dga,iuykxgvwudn,11,dga_11_12
iwzpvuvgfuz.com,1,ExtraHop/DGA-Detection-Training-Dataset,dga,iwzpvuvgfuz,11,dga_11_12
ixogbmswkbh.com,1,ExtraHop/DGA-Detection-Training-Dataset,dga,ixogbmswkbh,11,dga_11_12
ixojrztqxdvc.org,1,ExtraHop/DGA-Detection-Training-Dataset,dga,ixojrztqxdvc,12,dga_11_12
ixukisdfqpfu.org,1,ExtraHop/DGA-Detection-Training-Dataset,dga,ixukisdfqpfu,12,dga_11_12
izhpiiezzcfk.net,1,ExtraHop/DGA-Detection-Training-Dataset,dga,izhpiiezzcfk,12,dga_11_12
izpyjtgxoaz.net,1,ExtraHop/DGA-Detection-Training-Dataset,dga,izpyjtgxoaz,11,dga_11_12
jaaanwxgdgxq.info,1,ExtraHop/DGA-Detection-Training-Dataset,dga,jaaanwxgdgxq,12,dga_11_12
jabfiwlijkv.com,1,ExtraHop/DGA-Detection-Training-Dataset,dga,jabfiwlijkv,11,dga_11_12
janndpwrvty.com,1,ExtraHop/DGA-Detection-Training-Dataset,dga,janndpwrvty,11,dga_11_12
javbikvjpcn.info,1,ExtraHop/DGA-Detection-Training-Dataset,dga,javbikvjpcn,11,dga_11_12
jbbbvvhuffot.com,1,ExtraHop/DGA-Detection-Training-Dataset,dga,jbbbvvhuffot,12,dga_11_12
jcdconkyeqmj.info,1,ExtraHop/DGA-Detection-Training-Dataset,dga,jcdconkyeqmj,12,dga_11_12
jdglmonkeys.net,1,ExtraHop/DGA-Detection-Training-Dataset,dga,jdglmonkeys,11,dga_11_12
jdhpordf150.org,1,ExtraHop/DGA-Detection-Training-Dataset,dga,jdhpordf150,11,dga_11_12
jdjhqkkhrmfo.com,1,ExtraHop/DGA-Detection-Training-Dataset,dga,jdjhqkkhrmfo,12,dga_11_12
jdqcvnbysoff.org,1,ExtraHop/DGA-Detection-Training-Dataset,dga,jdqcvnbysoff,12,dga_11_12
jecaburokedy.net,1,ExtraHop/DGA-Detection-Training-Dataset,dga,jecaburokedy,12,dga_11_12
jecaqynykefo.net,1,ExtraHop/DGA-Detection-Training-Dataset,dga,jecaqynykefo,12,dga_11_12
jedylpqmiyou.org,1,ExtraHop/DGA-Detection-Training-Dataset,dga,jedylpqmiyou,12,dga_11_12
jehhnnxmmttg.net,1,ExtraHop/DGA-Detection-Training-Dataset,dga,jehhnnxmmttg,12,dga_11_12
jejajudakovi.com,1,ExtraHop/DGA-Detection-Training-Dataset,dga,jejajudakovi,12,dga_11_12
jepabujikyne.org,1,ExtraHop/DGA-Detection-Training-Dataset,dga,jepabujikyne,12,dga_11_12
jepaqerekyfy.info,1,ExtraHop/DGA-Detection-Training-Dataset,dga,jepaqerekyfy,12,dga_11_12
jepazydikybi.com,1,ExtraHop/DGA-Detection-Training-Dataset,dga,jepazydikybi,12,dga_11_12
jewaberokijy.info,1,ExtraHop/DGA-Detection-Training-Dataset,dga,jewaberokijy,12,dga_11_12
jfaqinglane.com,1,ExtraHop/DGA-Detection-Training-Dataset,dga,jfaqinglane,11,dga_11_12
jfljjmgzpbbu.com,1,ExtraHop/DGA-Detection-Training-Dataset,dga,jfljjmgzpbbu,12,dga_11_12
jhncevslkguc.info,1,ExtraHop/DGA-Detection-Training-Dataset,dga,jhncevslkguc,12,dga_11_12
jhtpnlbajxcm.com,1,ExtraHop/DGA-Detection-Training-Dataset,dga,jhtpnlbajxcm,12,dga_11_12
jilylbqknzv.com,1,ExtraHop/DGA-Detection-Training-Dataset,dga,jilylbqknzv,11,dga_11_12
jjkoficlight.info,1,ExtraHop/DGA-Detection-Training-Dataset,dga,jjkoficlight,12,dga_11_12
jmhbwwguqjwt.net,1,ExtraHop/DGA-Detection-Training-Dataset,dga,jmhbwwguqjwt,12,dga_11_12
jngjbnnueule.com,1,ExtraHop/DGA-Detection-Training-Dataset,dga,jngjbnnueule,12,dga_11_12
jnlgcryihupp.com,1,ExtraHop/DGA-Detection-Training-Dataset,dga,jnlgcryihupp,12,dga_11_12
jnsthxqretym.net,1,ExtraHop/DGA-Detection-Training-Dataset,dga,jnsthxqretym,12,dga_11_12
jqqtontwvopx.org,1,ExtraHop/DGA-Detection-Training-Dataset,dga,jqqtontwvopx,12,dga_11_12
jrvhepictom.com,1,ExtraHop/DGA-Detection-Training-Dataset,dga,jrvhepictom,11,dga_11_12
jtdprbxsjbui.com,1,ExtraHop/DGA-Detection-Training-Dataset,dga,jtdprbxsjbui,12,dga_11_12
jtogisqcjpmb.net,1,ExtraHop/DGA-Detection-Training-Dataset,dga,jtogisqcjpmb,12,dga_11_12
jveetaprius.net,1,ExtraHop/DGA-Detection-Training-Dataset,dga,jveetaprius,11,dga_11_12
jvvunmltcuef.com,1,ExtraHop/DGA-Detection-Training-Dataset,dga,jvvunmltcuef,12,dga_11_12
jwaolvnbttf.net,1,ExtraHop/DGA-Detection-Training-Dataset,dga,jwaolvnbttf,11,dga_11_12
jwtsbhqjswwx.com,1,ExtraHop/DGA-Detection-Training-Dataset,dga,jwtsbhqjswwx,12,dga_11_12
jyhpndbqqgiv.info,1,ExtraHop/DGA-Detection-Training-Dataset,dga,jyhpndbqqgiv,12,dga_11_12
jyxebghejgrb.com,1,ExtraHop/DGA-Detection-Training-Dataset,dga,jyxebghejgrb,12,dga_11_12
kabxjtegqea.org,1,ExtraHop/DGA-Detection-Training-Dataset,dga,kabxjtegqea,11,dga_11_12
kadsmzokgqyq.com,1,ExtraHop/DGA-Detection-Training-Dataset,dga,kadsmzokgqyq,12,dga_11_12
kcxqinglane.org,1,ExtraHop/DGA-Detection-Training-Dataset,dga,kcxqinglane,11,dga_11_12
kdcgbswedlsf.org,1,ExtraHop/DGA-Detection-Training-Dataset,dga,kdcgbswedlsf,12,dga_11_12
kdolrtnqbbfq.org,1,ExtraHop/DGA-Detection-Training-Dataset,dga,kdolrtnqbbfq,12,dga_11_12
kermhzqqgud.info,1,ExtraHop/DGA-Detection-Training-Dataset,dga,kermhzqqgud,11,dga_11_12
kezituraxep.com,1,ExtraHop/DGA-Detection-Training-Dataset,dga,kezituraxep,11,dga_11_12
kgfixgoxcgfv.org,1,ExtraHop/DGA-Detection-Training-Dataset,dga,kgfixgoxcgfv,12,dga_11_12
kghxiffclojt.info,1,ExtraHop/DGA-Detection-Training-Dataset,dga,kghxiffclojt,12,dga_11_12
kgrjmonkeys.info,1,ExtraHop/DGA-Detection-Training-Dataset,dga,kgrjmonkeys,11,dga_11_12
kicqhhhodmj.org,1,ExtraHop/DGA-Detection-Training-Dataset,dga,kicqhhhodmj,11,dga_11_12
kiwbwemyjxnk.info,1,ExtraHop/DGA-Detection-Training-Dataset,dga,kiwbwemyjxnk,12,dga_11_12
kksdefnknnjj.com,1,ExtraHop/DGA-Detection-Training-Dataset,dga,kksdefnknnjj,12,dga_11_12
kkuuageclaim.info,1,ExtraHop/DGA-Detection-Training-Dataset,dga,kkuuageclaim,12,dga_11_12
kldnsphsugw.net,1,ExtraHop/DGA-Detection-Training-Dataset,dga,kldnsphsugw,11,dga_11_12
koculzjqzzj.org,1,ExtraHop/DGA-Detection-Training-Dataset,dga,koculzjqzzj,11,dga_11_12
konoageclaim.info,1,ExtraHop/DGA-Detection-Training-Dataset,dga,konoageclaim,12,dga_11_12
kpbxlceoxbpi.com,1,ExtraHop/DGA-Detection-Training-Dataset,dga,kpbxlceoxbpi,12,dga_11_12
kpe3wxmrw1ar.org,1,ExtraHop/DGA-Detection-Training-Dataset,dga,kpe3wxmrw1ar,12,dga_11_12
kpiktkjvjemi.info,1,ExtraHop/DGA-Detection-Training-Dataset,dga,kpiktkjvjemi,12,dga_11_12
kplsvjwltuy.com,1,ExtraHop/DGA-Detection-Training-Dataset,dga,kplsvjwltuy,11,dga_11_12
kprhxlqccrr.org,1,ExtraHop/DGA-Detection-Training-Dataset,dga,kprhxlqccrr,11,dga_11_12
kqazfggftwx.org,1,ExtraHop/DGA-Detection-Training-Dataset,dga,kqazfggftwx,11,dga_11_12
kqeonjhcusdf.org,1,ExtraHop/DGA-Detection-Training-Dataset,dga,kqeonjhcusdf,12,dga_11_12
kqrdcwhmcwu.info,1,ExtraHop/DGA-Detection-Training-Dataset,dga,kqrdcwhmcwu,11,dga_11_12
kqxkmonkeys.com,1,ExtraHop/DGA-Detection-Training-Dataset,dga,kqxkmonkeys,11,dga_11_12
krstccvkjiyg.org,1,ExtraHop/DGA-Detection-Training-Dataset,dga,krstccvkjiyg,12,dga_11_12
krtwzxtabkdd.com,1,ExtraHop/DGA-Detection-Training-Dataset,dga,krtwzxtabkdd,12,dga_11_12
ksdpsxkyfaav.info,1,ExtraHop/DGA-Detection-Training-Dataset,dga,ksdpsxkyfaav,12,dga_11_12
ktzwmkfcuxu.org,1,ExtraHop/DGA-Detection-Training-Dataset,dga,ktzwmkfcuxu,11,dga_11_12
kucrhycgyyi.com,1,ExtraHop/DGA-Detection-Training-Dataset,dga,kucrhycgyyi,11,dga_11_12
kukiqmosusc.com,1,ExtraHop/DGA-Detection-Training-Dataset,dga,kukiqmosusc,11,dga_11_12
kulsghrexan.net,1,ExtraHop/DGA-Detection-Training-Dataset,dga,kulsghrexan,11,dga_11_12
kumsomeiomo.net,1,ExtraHop/DGA-Detection-Training-Dataset,dga,kumsomeiomo,11,dga_11_12
kuomqamcsys.com,1,ExtraHop/DGA-Detection-Training-Dataset,dga,kuomqamcsys,11,dga_11_12
kuosgqisaae.org,1,ExtraHop/DGA-Detection-Training-Dataset,dga,kuosgqisaae,11,dga_11_12
kwlaludmndp.org,1,ExtraHop/DGA-Detection-Training-Dataset,dga,kwlaludmndp,11,dga_11_12
kwnyjgenctrq.info,1,ExtraHop/DGA-Detection-Training-Dataset,dga,kwnyjgenctrq,12,dga_11_12
kydizmbgllj.com,1,ExtraHop/DGA-Detection-Training-Dataset,dga,kydizmbgllj,11,dga_11_12
ldrlgaleyoz.net,1,ExtraHop/DGA-Detection-Training-Dataset,dga,ldrlgaleyoz,11,dga_11_12
ldudrjqgxod.com,1,ExtraHop/DGA-Detection-Training-Dataset,dga,ldudrjqgxod,11,dga_11_12
ldvsficlight.com,1,ExtraHop/DGA-Detection-Training-Dataset,dga,ldvsficlight,12,dga_11_12
ledcpjinkmht.info,1,ExtraHop/DGA-Detection-Training-Dataset,dga,ledcpjinkmht,12,dga_11_12
lehbmqjgkeel.com,1,ExtraHop/DGA-Detection-Training-Dataset,dga,lehbmqjgkeel,12,dga_11_12
lesvcbponqn.org,1,ExtraHop/DGA-Detection-Training-Dataset,dga,lesvcbponqn,11,dga_11_12
lezrkttthnjo.com,1,ExtraHop/DGA-Detection-Training-Dataset,dga,lezrkttthnjo,12,dga_11_12
lgcopwvsdcyg.org,1,ExtraHop/DGA-Detection-Training-Dataset,dga,lgcopwvsdcyg,12,dga_11_12
lhdfkbqvknyr.com,1,ExtraHop/DGA-Detection-Training-Dataset,dga,lhdfkbqvknyr,12,dga_11_12
lhurdhockey.com,1,ExtraHop/DGA-Detection-Training-Dataset,dga,lhurdhockey,11,dga_11_12
lkdijkxpuuhu.info,1,ExtraHop/DGA-Detection-Training-Dataset,dga,lkdijkxpuuhu,12,dga_11_12
lkkujphoesj.com,1,ExtraHop/DGA-Detection-Training-Dataset,dga,lkkujphoesj,11,dga_11_12
lkozdtoeswj.org,1,ExtraHop/DGA-Detection-Training-Dataset,dga,lkozdtoeswj,11,dga_11_12
lldlengerjet.org,1,ExtraHop/DGA-Detection-Training-Dataset,dga,lldlengerjet,12,dga_11_12
llgpengerjet.org,1,ExtraHop/DGA-Detection-Training-Dataset,dga,llgpengerjet,12,dga_11_12
lliyggkkgvgt.net,1,ExtraHop/DGA-Detection-Training-Dataset,dga,lliyggkkgvgt,12,dga_11_12
llqsdhockey.net,1,ExtraHop/DGA-Detection-Training-Dataset,dga,llqsdhockey,11,dga_11_12
lmnbpkywnplr.com,1,ExtraHop/DGA-Detection-Training-Dataset,dga,lmnbpkywnplr,12,dga_11_12
lnglancorml.info,1,ExtraHop/DGA-Detection-Training-Dataset,dga,lnglancorml,11,dga_11_12
lnyjlriojob.info,1,ExtraHop/DGA-Detection-Training-Dataset,dga,lnyjlriojob,11,dga_11_12
lpjorwfljei.com,1,ExtraHop/DGA-Detection-Training-Dataset,dga,lpjorwfljei,11,dga_11_12
lplpkmugxiey.net,1,ExtraHop/DGA-Detection-Training-Dataset,dga,lplpkmugxiey,12,dga_11_12
lptlllwyimvq.org,1,ExtraHop/DGA-Detection-Training-Dataset,dga,lptlllwyimvq,12,dga_11_12
lqadckqgmfn.info,1,ExtraHop/DGA-Detection-Training-Dataset,dga,lqadckqgmfn,11,dga_11_12
lqhjauxjbgwg.info,1,ExtraHop/DGA-Detection-Training-Dataset,dga,lqhjauxjbgwg,12,dga_11_12
lrkfareisbad.net,1,ExtraHop/DGA-Detection-Training-Dataset,dga,lrkfareisbad,12,dga_11_12
lrmvepictom.info,1,ExtraHop/DGA-Detection-Training-Dataset,dga,lrmvepictom,11,dga_11_12
lroxjbiqktr.com,1,ExtraHop/DGA-Detection-Training-Dataset,dga,lroxjbiqktr,11,dga_11_12
lsrntsmaoqra.net,1,ExtraHop/DGA-Detection-Training-Dataset,dga,lsrntsmaoqra,12,dga_11_12
lsrvbtkbsjmb.info,1,ExtraHop/DGA-Detection-Training-Dataset,dga,lsrvbtkbsjmb,12,dga_11_12
ltjjhmdkxvx.info,1,ExtraHop/DGA-Detection-Training-Dataset,dga,ltjjhmdkxvx,11,dga_11_12
ltrminglane.com,1,ExtraHop/DGA-Detection-Training-Dataset,dga,ltrminglane,11,dga_11_12
luqimswqvyq.org,1,ExtraHop/DGA-Detection-Training-Dataset,dga,luqimswqvyq,11,dga_11_12
lxkuzykewlp.net,1,ExtraHop/DGA-Detection-Training-Dataset,dga,lxkuzykewlp,11,dga_11_12
lygyfenimov.info,1,ExtraHop/DGA-Detection-Training-Dataset,dga,lygyfenimov,11,dga_11_12
lyryfejumyt.net,1,ExtraHop/DGA-Detection-Training-Dataset,dga,lyryfejumyt,11,dga_11_12
lyrypqvnuzev.info,1,ExtraHop/DGA-Detection-Training-Dataset,dga,lyrypqvnuzev,12,dga_11_12
lysyjyrumal.net,1,ExtraHop/DGA-Detection-Training-Dataset,dga,lysyjyrumal,11,dga_11_12
lysyvodomaq.net,1,ExtraHop/DGA-Detection-Training-Dataset,dga,lysyvodomaq,11,dga_11_12
macofkbnbej.org,1,ExtraHop/DGA-Detection-Training-Dataset,dga,macofkbnbej,11,dga_11_12
makmficlight.org,1,ExtraHop/DGA-Detection-Training-Dataset,dga,makmficlight,12,dga_11_12
maxtquerque.net,1,ExtraHop/DGA-Detection-Training-Dataset,dga,maxtquerque,11,dga_11_12
maycepictom.org,1,ExtraHop/DGA-Detection-Training-Dataset,dga,maycepictom,11,dga_11_12
mbvqffbuimfs.com,1,ExtraHop/DGA-Detection-Training-Dataset,dga,mbvqffbuimfs,12,dga_11_12
mcjqsmdnfffu.com,1,ExtraHop/DGA-Detection-Training-Dataset,dga,mcjqsmdnfffu,12,dga_11_12
mdqnqnrdlldt.org,1,ExtraHop/DGA-Detection-Training-Dataset,dga,mdqnqnrdlldt,12,dga_11_12
meygrvejdndv.org,1,ExtraHop/DGA-Detection-Training-Dataset,dga,meygrvejdndv,12,dga_11_12
mgepbxajergs.net,1,ExtraHop/DGA-Detection-Training-Dataset,dga,mgepbxajergs,12,dga_11_12
mixcxwngylr.com,1,ExtraHop/DGA-Detection-Training-Dataset,dga,mixcxwngylr,11,dga_11_12
mmxcdhockey.info,1,ExtraHop/DGA-Detection-Training-Dataset,dga,mmxcdhockey,11,dga_11_12
mmyazdpxdpj.net,1,ExtraHop/DGA-Detection-Training-Dataset,dga,mmyazdpxdpj,11,dga_11_12
moezoivjbojx.com,1,ExtraHop/DGA-Detection-Training-Dataset,dga,moezoivjbojx,12,dga_11_12
mofxvarpowz.com,1,ExtraHop/DGA-Detection-Training-Dataset,dga,mofxvarpowz,11,dga_11_12
morqdjsypil.org,1,ExtraHop/DGA-Detection-Training-Dataset,dga,morqdjsypil,11,dga_11_12
moykbbyszfjh.net,1,ExtraHop/DGA-Detection-Training-Dataset,dga,moykbbyszfjh,12,dga_11_12
mqnshpbezkx.info,1,ExtraHop/DGA-Detection-Training-Dataset,dga,mqnshpbezkx,11,dga_11_12
mrfshoxsakvv.org,1,ExtraHop/DGA-Detection-Training-Dataset,dga,mrfshoxsakvv,12,dga_11_12
mshkgrlgecv.com,1,ExtraHop/DGA-Detection-Training-Dataset,dga,mshkgrlgecv,11,dga_11_12
mssmqthzpgu.info,1,ExtraHop/DGA-Detection-Training-Dataset,dga,mssmqthzpgu,11,dga_11_12
mubtrktzgvh.com,1,ExtraHop/DGA-Detection-Training-Dataset,dga,mubtrktzgvh,11,dga_11_12
mutoepictom.com,1,ExtraHop/DGA-Detection-Training-Dataset,dga,mutoepictom,11,dga_11_12
muzbinglane.org,1,ExtraHop/DGA-Detection-Training-Dataset,dga,muzbinglane,11,dga_11_12
mxlkcpmipssd.info,1,ExtraHop/DGA-Detection-Training-Dataset,dga,mxlkcpmipssd,12,dga_11_12
myebweguqsh.org,1,ExtraHop/DGA-Detection-Training-Dataset,dga,myebweguqsh,11,dga_11_12
mygawugycsku.org,1,ExtraHop/DGA-Detection-Training-Dataset,dga,mygawugycsku,12,dga_11_12
myqyyogeoysu.net,1,ExtraHop/DGA-Detection-Training-Dataset,dga,myqyyogeoysu,12,dga_11_12
myswwgogymgg.info,1,ExtraHop/DGA-Detection-Training-Dataset,dga,myswwgogymgg,12,dga_11_12
myuqmegweuqs.net,1,ExtraHop/DGA-Detection-Training-Dataset,dga,myuqmegweuqs,12,dga_11_12
mywgossmauiu.info,1,ExtraHop/DGA-Detection-Training-Dataset,dga,mywgossmauiu,12,dga_11_12
myyswcmomaiu.info,1,ExtraHop/DGA-Detection-Training-Dataset,dga,myyswcmomaiu,12,dga_11_12
myyuuuyuyoao.com,1,ExtraHop/DGA-Detection-Training-Dataset,dga,myyuuuyuyoao,12,dga_11_12
nbnjticbjmno.net,1,ExtraHop/DGA-Detection-Training-Dataset,dga,nbnjticbjmno,12,dga_11_12
nbsbepictom.net,1,ExtraHop/DGA-Detection-Training-Dataset,dga,nbsbepictom,11,dga_11_12
ndegdfcsmwtq.info,1,ExtraHop/DGA-Detection-Training-Dataset,dga,ndegdfcsmwtq,12,dga_11_12
nernefoycgta.net,1,ExtraHop/DGA-Detection-Training-Dataset,dga,nernefoycgta,12,dga_11_12
nfmhquerque.info,1,ExtraHop/DGA-Detection-Training-Dataset,dga,nfmhquerque,11,dga_11_12
ngsshnvxcbm.com,1,ExtraHop/DGA-Detection-Training-Dataset,dga,ngsshnvxcbm,11,dga_11_12
nileteaymyb.com,1,ExtraHop/DGA-Detection-Training-Dataset,dga,nileteaymyb,11,dga_11_12
njsarimjoyg.org,1,ExtraHop/DGA-Detection-Training-Dataset,dga,njsarimjoyg,11,dga_11_12
nkdjnykqtjp.org,1,ExtraHop/DGA-Detection-Training-Dataset,dga,nkdjnykqtjp,11,dga_11_12
nmhelrizvbbl.info,1,ExtraHop/DGA-Detection-Training-Dataset,dga,nmhelrizvbbl,12,dga_11_12
nmvuzgdyplfz.com,1,ExtraHop/DGA-Detection-Training-Dataset,dga,nmvuzgdyplfz,12,dga_11_12
nnaqporsche.com,1,ExtraHop/DGA-Detection-Training-Dataset,dga,nnaqporsche,11,dga_11_12
nnvevodwbul.com,1,ExtraHop/DGA-Detection-Training-Dataset,dga,nnvevodwbul,11,dga_11_12
nojaditufoku.com,1,ExtraHop/DGA-Detection-Training-Dataset,dga,nojaditufoku,12,dga_11_12
nojajucyfopi.info,1,ExtraHop/DGA-Detection-Training-Dataset,dga,nojajucyfopi,12,dga_11_12
nopabukifupe.net,1,ExtraHop/DGA-Detection-Training-Dataset,dga,nopabukifupe,12,dga_11_12
norabecyfowi.com,1,ExtraHop/DGA-Detection-Training-Dataset,dga,norabecyfowi,12,dga_11_12
noulnlbestwp.info,1,ExtraHop/DGA-Detection-Training-Dataset,dga,noulnlbestwp,12,dga_11_12
noyefgxojspp.net,1,ExtraHop/DGA-Detection-Training-Dataset,dga,noyefgxojspp,12,dga_11_12
nozalycyfibi.net,1,ExtraHop/DGA-Detection-Training-Dataset,dga,nozalycyfibi,12,dga_11_12
nplqyvaryhxj.net,1,ExtraHop/DGA-Detection-Training-Dataset,dga,nplqyvaryhxj,12,dga_11_12
nrvtrancisco.com,1,ExtraHop/DGA-Detection-Training-Dataset,dga,nrvtrancisco,12,dga_11_12
nsahehggvbuq.com,1,ExtraHop/DGA-Detection-Training-Dataset,dga,nsahehggvbuq,12,dga_11_12
ntdfowzaxgh.net,1,ExtraHop/DGA-Detection-Training-Dataset,dga,ntdfowzaxgh,11,dga_11_12
nuydoscthumm.com,1,ExtraHop/DGA-Detection-Training-Dataset,dga,nuydoscthumm,12,dga_11_12
nuzmdwxemkc.net,1,ExtraHop/DGA-Detection-Training-Dataset,dga,nuzmdwxemkc,11,dga_11_12
nvefecgelnfy.com,1,ExtraHop/DGA-Detection-Training-Dataset,dga,nvefecgelnfy,12,dga_11_12
nvffbmtfqcec.net,1,ExtraHop/DGA-Detection-Training-Dataset,dga,nvffbmtfqcec,12,dga_11_12
nviooogmvutk.info,1,ExtraHop/DGA-Detection-Training-Dataset,dga,nviooogmvutk,12,dga_11_12
nwenmsyyrryg.info,1,ExtraHop/DGA-Detection-Training-Dataset,dga,nwenmsyyrryg,12,dga_11_12
nxnfbatasdxm.org,1,ExtraHop/DGA-Detection-Training-Dataset,dga,nxnfbatasdxm,12,dga_11_12
nyqnsgcqoqll.com,1,ExtraHop/DGA-Detection-Training-Dataset,dga,nyqnsgcqoqll,12,dga_11_12
nzqnkmtyjkej.org,1,ExtraHop/DGA-Detection-Training-Dataset,dga,nzqnkmtyjkej,12,dga_11_12
nzxsyubwiajq.com,1,ExtraHop/DGA-Detection-Training-Dataset,dga,nzxsyubwiajq,12,dga_11_12
oalbukdefka.info,1,ExtraHop/DGA-Detection-Training-Dataset,dga,oalbukdefka,11,dga_11_12
ocamcsyegmy.net,1,ExtraHop/DGA-Detection-Training-Dataset,dga,ocamcsyegmy,11,dga_11_12
occikuiewwa.info,1,ExtraHop/DGA-Detection-Training-Dataset,dga,occikuiewwa,11,dga_11_12
ocfewpnfjdev.net,1,ExtraHop/DGA-Detection-Training-Dataset,dga,ocfewpnfjdev,12,dga_11_12
ocnnwnqmohfg.com,1,ExtraHop/DGA-Detection-Training-Dataset,dga,ocnnwnqmohfg,12,dga_11_12
ocoiwmkeimqo.info,1,ExtraHop/DGA-Detection-Training-Dataset,dga,ocoiwmkeimqo,12,dga_11_12
ocretaprius.org,1,ExtraHop/DGA-Detection-Training-Dataset,dga,ocretaprius,11,dga_11_12
ocsgimqoakq.info,1,ExtraHop/DGA-Detection-Training-Dataset,dga,ocsgimqoakq,11,dga_11_12
ocsmikoiisac.org,1,ExtraHop/DGA-Detection-Training-Dataset,dga,ocsmikoiisac,12,dga_11_12
ocsqkaykogyo.com,1,ExtraHop/DGA-Detection-Training-Dataset,dga,ocsqkaykogyo,12,dga_11_12
ocssducirmf.net,1,ExtraHop/DGA-Detection-Training-Dataset,dga,ocssducirmf,11,dga_11_12
ocumqqigmgg.com,1,ExtraHop/DGA-Detection-Training-Dataset,dga,ocumqqigmgg,11,dga_11_12
ocumsmqomkk.org,1,ExtraHop/DGA-Detection-Training-Dataset,dga,ocumsmqomkk,11,dga_11_12
ocuqooucqsu.com,1,ExtraHop/DGA-Detection-Training-Dataset,dga,ocuqooucqsu,11,dga_11_12
ocuqyqagsgmw.info,1,ExtraHop/DGA-Detection-Training-Dataset,dga,ocuqyqagsgmw,12,dga_11_12
ocwueumgwai.org,1,ExtraHop/DGA-Detection-Training-Dataset,dga,ocwueumgwai,11,dga_11_12
ocwyyqgoskuk.org,1,ExtraHop/DGA-Detection-Training-Dataset,dga,ocwyyqgoskuk,12,dga_11_12
odmmcgchoiok.net,1,ExtraHop/DGA-Detection-Training-Dataset,dga,odmmcgchoiok,12,dga_11_12
odprzfdbztrh.net,1,ExtraHop/DGA-Detection-Training-Dataset,dga,odprzfdbztrh,12,dga_11_12
ofcksewodeut.info,1,ExtraHop/DGA-Detection-Training-Dataset,dga,ofcksewodeut,12,dga_11_12
ogdulilobuz.com,1,ExtraHop/DGA-Detection-Training-Dataset,dga,ogdulilobuz,11,dga_11_12
ogliordf150.com,1,ExtraHop/DGA-Detection-Training-Dataset,dga,ogliordf150,11,dga_11_12
ohhsxsxgxhd.net,1,ExtraHop/DGA-Detection-Training-Dataset,dga,ohhsxsxgxhd,11,dga_11_12
ohjupodudlbe.info,1,ExtraHop/DGA-Detection-Training-Dataset,dga,ohjupodudlbe,12,dga_11_12
ohxlrqwifpx.net,1,ExtraHop/DGA-Detection-Training-Dataset,dga,ohxlrqwifpx,11,dga_11_12
oigkhmgtcqok.org,1,ExtraHop/DGA-Detection-Training-Dataset,dga,oigkhmgtcqok,12,dga_11_12
ojcblnpsdqcr.com,1,ExtraHop/DGA-Detection-Training-Dataset,dga,ojcblnpsdqcr,12,dga_11_12
okmnkawgbmmm.org,1,ExtraHop/DGA-Detection-Training-Dataset,dga,okmnkawgbmmm,12,dga_11_12
oleyefifevbi.net,1,ExtraHop/DGA-Detection-Training-Dataset,dga,oleyefifevbi,12,dga_11_12
omtuawnmrmqt.com,1,ExtraHop/DGA-Detection-Training-Dataset,dga,omtuawnmrmqt,12,dga_11_12
onhywghonwb.org,1,ExtraHop/DGA-Detection-Training-Dataset,dga,onhywghonwb,11,dga_11_12
oniiuhcboxti.org,1,ExtraHop/DGA-Detection-Training-Dataset,dga,oniiuhcboxti,12,dga_11_12
oodsxquxeas.org,1,ExtraHop/DGA-Detection-Training-Dataset,dga,oodsxquxeas,11,dga_11_12
ooryordf150.com,1,ExtraHop/DGA-Detection-Training-Dataset,dga,ooryordf150,11,dga_11_12
ootduinnjvol.info,1,ExtraHop/DGA-Detection-Training-Dataset,dga,ootduinnjvol,12,dga_11_12
oplhmboonpc.org,1,ExtraHop/DGA-Detection-Training-Dataset,dga,oplhmboonpc,11,dga_11_12
oqazonnnjnes.info,1,ExtraHop/DGA-Detection-Training-Dataset,dga,oqazonnnjnes,12,dga_11_12
oqdofhvwqfp.info,1,ExtraHop/DGA-Detection-Training-Dataset,dga,oqdofhvwqfp,11,dga_11_12
oqvkancorml.net,1,ExtraHop/DGA-Detection-Training-Dataset,dga,oqvkancorml,11,dga_11_12
oqwarrupfvpd.org,1,ExtraHop/DGA-Detection-Training-Dataset,dga,oqwarrupfvpd,12,dga_11_12
orderinstead.info,1,ExtraHop/DGA-Detection-Training-Dataset,dga,orderinstead,12,dga_11_12
ordershould.com,1,ExtraHop/DGA-Detection-Training-Dataset,dga,ordershould,11,dga_11_12
orgyzcgogti.net,1,ExtraHop/DGA-Detection-Training-Dataset,dga,orgyzcgogti,11,dga_11_12
oskmvhdmqoy.com,1,ExtraHop/DGA-Detection-Training-Dataset,dga,oskmvhdmqoy,11,dga_11_12
oslirulegacy.com,1,ExtraHop/DGA-Detection-Training-Dataset,dga,oslirulegacy,12,dga_11_12
osrwxyvfpufe.info,1,ExtraHop/DGA-Detection-Training-Dataset,dga,osrwxyvfpufe,12,dga_11_12
osvzruxdvvxh.com,1,ExtraHop/DGA-Detection-Training-Dataset,dga,osvzruxdvvxh,12,dga_11_12
otqenpdfkwpg.info,1,ExtraHop/DGA-Detection-Training-Dataset,dga,otqenpdfkwpg,12,dga_11_12
otrqyvrotwvn.info,1,ExtraHop/DGA-Detection-Training-Dataset,dga,otrqyvrotwvn,12,dga_11_12
ouyyficapqje.info,1,ExtraHop/DGA-Detection-Training-Dataset,dga,ouyyficapqje,12,dga_11_12
ovfwnyblrsj.info,1,ExtraHop/DGA-Detection-Training-Dataset,dga,ovfwnyblrsj,11,dga_11_12
owhpgyacxtn.com,1,ExtraHop/DGA-Detection-Training-Dataset,dga,owhpgyacxtn,11,dga_11_12
owywrulegacy.org,1,ExtraHop/DGA-Detection-Training-Dataset,dga,owywrulegacy,12,dga_11_12
oykhgasfxnaq.com,1,ExtraHop/DGA-Detection-Training-Dataset,dga,oykhgasfxnaq,12,dga_11_12
pdorahrswdwr.info,1,ExtraHop/DGA-Detection-Training-Dataset,dga,pdorahrswdwr,12,dga_11_12
pdwjrulegacy.net,1,ExtraHop/DGA-Detection-Training-Dataset,dga,pdwjrulegacy,12,dga_11_12
peutbczwhsn.org,1,ExtraHop/DGA-Detection-Training-Dataset,dga,peutbczwhsn,11,dga_11_12
pfnsvopowyvp.org,1,ExtraHop/DGA-Detection-Training-Dataset,dga,pfnsvopowyvp,12,dga_11_12
pfnxquerque.net,1,ExtraHop/DGA-Detection-Training-Dataset,dga,pfnxquerque,11,dga_11_12
pfrfinglane.info,1,ExtraHop/DGA-Detection-Training-Dataset,dga,pfrfinglane,11,dga_11_12
pftcdywsiihh.org,1,ExtraHop/DGA-Detection-Training-Dataset,dga,pftcdywsiihh,12,dga_11_12
phyoepictom.org,1,ExtraHop/DGA-Detection-Training-Dataset,dga,phyoepictom,11,dga_11_12
picvbvsofvhs.com,1,ExtraHop/DGA-Detection-Training-Dataset,dga,picvbvsofvhs,12,dga_11_12
pilbvnxctjo.net,1,ExtraHop/DGA-Detection-Training-Dataset,dga,pilbvnxctjo,11,dga_11_12
pinkaynyxljh.com,1,ExtraHop/DGA-Detection-Training-Dataset,dga,pinkaynyxljh,12,dga_11_12
pjftetnnxlj.net,1,ExtraHop/DGA-Detection-Training-Dataset,dga,pjftetnnxlj,11,dga_11_12
pjgmzudolph.org,1,ExtraHop/DGA-Detection-Training-Dataset,dga,pjgmzudolph,11,dga_11_12
pjqtoypwvazb.org,1,ExtraHop/DGA-Detection-Training-Dataset,dga,pjqtoypwvazb,12,dga_11_12
pjsxuvtnfgh.net,1,ExtraHop/DGA-Detection-Training-Dataset,dga,pjsxuvtnfgh,11,dga_11_12
pjvcrfzdzsrg.net,1,ExtraHop/DGA-Detection-Training-Dataset,dga,pjvcrfzdzsrg,12,dga_11_12
pkxaoszvdwsp.org,1,ExtraHop/DGA-Detection-Training-Dataset,dga,pkxaoszvdwsp,12,dga_11_12
plaqquerque.net,1,ExtraHop/DGA-Detection-Training-Dataset,dga,plaqquerque,11,dga_11_12
plfnporsche.net,1,ExtraHop/DGA-Detection-Training-Dataset,dga,plfnporsche,11,dga_11_12
pnhvvsxvyln.net,1,ExtraHop/DGA-Detection-Training-Dataset,dga,pnhvvsxvyln,11,dga_11_12
ppphyxyboidm.info,1,ExtraHop/DGA-Detection-Training-Dataset,dga,ppphyxyboidm,12,dga_11_12
ppslrancisco.org,1,ExtraHop/DGA-Detection-Training-Dataset,dga,ppslrancisco,12,dga_11_12
pqfggwozpum.org,1,ExtraHop/DGA-Detection-Training-Dataset,dga,pqfggwozpum,11,dga_11_12
pqrrvurlfppl.info,1,ExtraHop/DGA-Detection-Training-Dataset,dga,pqrrvurlfppl,12,dga_11_12
prmfengerjet.org,1,ExtraHop/DGA-Detection-Training-Dataset,dga,prmfengerjet,12,dga_11_12
psldrqeextzu.net,1,ExtraHop/DGA-Detection-Training-Dataset,dga,psldrqeextzu,12,dga_11_12
ptqmrulegacy.com,1,ExtraHop/DGA-Detection-Training-Dataset,dga,ptqmrulegacy,12,dga_11_12
pttxjjymwoi.info,1,ExtraHop/DGA-Detection-Training-Dataset,dga,pttxjjymwoi,11,dga_11_12
punzbibyuhzu.net,1,ExtraHop/DGA-Detection-Training-Dataset,dga,punzbibyuhzu,12,dga_11_12
purybivitex.net,1,ExtraHop/DGA-Detection-Training-Dataset,dga,purybivitex,11,dga_11_12
puryleqoter.com,1,ExtraHop/DGA-Detection-Training-Dataset,dga,puryleqoter,11,dga_11_12
purymugytez.info,1,ExtraHop/DGA-Detection-Training-Dataset,dga,purymugytez,11,dga_11_12
purypugoteq.net,1,ExtraHop/DGA-Detection-Training-Dataset,dga,purypugoteq,11,dga_11_12
puvyjuvytow.info,1,ExtraHop/DGA-Detection-Training-Dataset,dga,puvyjuvytow,11,dga_11_12
pvgtlgdnhfd.com,1,ExtraHop/DGA-Detection-Training-Dataset,dga,pvgtlgdnhfd,11,dga_11_12
pwmhwvfxtqpv.net,1,ExtraHop/DGA-Detection-Training-Dataset,dga,pwmhwvfxtqpv,12,dga_11_12
pxqdqbqnbaa.org,1,ExtraHop/DGA-Detection-Training-Dataset,dga,pxqdqbqnbaa,11,dga_11_12
pymnnudozcc.net,1,ExtraHop/DGA-Detection-Training-Dataset,dga,pymnnudozcc,11,dga_11_12
pyprpqbczlz.com,1,ExtraHop/DGA-Detection-Training-Dataset,dga,pyprpqbczlz,11,dga_11_12
pzlkvshwywsg.info,1,ExtraHop/DGA-Detection-Training-Dataset,dga,pzlkvshwywsg,12,dga_11_12
qaxcareisbad.info,1,ExtraHop/DGA-Detection-Training-Dataset,dga,qaxcareisbad,12,dga_11_12
qbkfbyqqqymb.com,1,ExtraHop/DGA-Detection-Training-Dataset,dga,qbkfbyqqqymb,12,dga_11_12
qcabibadiqei.com,1,ExtraHop/DGA-Detection-Training-Dataset,dga,qcabibadiqei,12,dga_11_12
qcrmdzhytlpp.net,1,ExtraHop/DGA-Detection-Training-Dataset,dga,qcrmdzhytlpp,12,dga_11_12
qcykreqyuyaf.net,1,ExtraHop/DGA-Detection-Training-Dataset,dga,qcykreqyuyaf,12,dga_11_12
qczxepictom.org,1,ExtraHop/DGA-Detection-Training-Dataset,dga,qczxepictom,11,dga_11_12
qebyhegucag.org,1,ExtraHop/DGA-Detection-Training-Dataset,dga,qebyhegucag,11,dga_11_12
qekyhuqacim.net,1,ExtraHop/DGA-Detection-Training-Dataset,dga,qekyhuqacim,11,dga_11_12
qekykopycih.com,1,ExtraHop/DGA-Detection-Training-Dataset,dga,qekykopycih,11,dga_11_12
qekytivacir.com,1,ExtraHop/DGA-Detection-Training-Dataset,dga,qekytivacir,11,dga_11_12
qetysuvucuf.info,1,ExtraHop/DGA-Detection-Training-Dataset,dga,qetysuvucuf,11,dga_11_12
qfouqaegeuu.info,1,ExtraHop/DGA-Detection-Training-Dataset,dga,qfouqaegeuu,11,dga_11_12
qfpdxpgwwula.info,1,ExtraHop/DGA-Detection-Training-Dataset,dga,qfpdxpgwwula,12,dga_11_12
qgfkancorml.org,1,ExtraHop/DGA-Detection-Training-Dataset,dga,qgfkancorml,11,dga_11_12
qggqqicqwsg.org,1,ExtraHop/DGA-Detection-Training-Dataset,dga,qggqqicqwsg,11,dga_11_12
qgjysjvskgh.org,1,ExtraHop/DGA-Detection-Training-Dataset,dga,qgjysjvskgh,11,dga_11_12
qgkkqssmscgw.info,1,ExtraHop/DGA-Detection-Training-Dataset,dga,qgkkqssmscgw,12,dga_11_12
qgqueaowsgeq.com,1,ExtraHop/DGA-Detection-Training-Dataset,dga,qgqueaowsgeq,12,dga_11_12
qgugiyucoou.com,1,ExtraHop/DGA-Detection-Training-Dataset,dga,qgugiyucoou,11,dga_11_12
qguqawgwuev.info,1,ExtraHop/DGA-Detection-Training-Dataset,dga,qguqawgwuev,11,dga_11_12
qgwrrvpihvsr.com,1,ExtraHop/DGA-Detection-Training-Dataset,dga,qgwrrvpihvsr,12,dga_11_12
qhfceacbukjn.org,1,ExtraHop/DGA-Detection-Training-Dataset,dga,qhfceacbukjn,12,dga_11_12
qhnokspwoqt.com,1,ExtraHop/DGA-Detection-Training-Dataset,dga,qhnokspwoqt,11,dga_11_12
qkcfcninmbsp.org,1,ExtraHop/DGA-Detection-Training-Dataset,dga,qkcfcninmbsp,12,dga_11_12
qqjgengerjet.org,1,ExtraHop/DGA-Detection-Training-Dataset,dga,qqjgengerjet,12,dga_11_12
qqtmfinwvgp.info,1,ExtraHop/DGA-Detection-Training-Dataset,dga,qqtmfinwvgp,11,dga_11_12
qsxpiihjfdl.net,1,ExtraHop/DGA-Detection-Training-Dataset,dga,qsxpiihjfdl,11,dga_11_12
qtcmwmialka.com,1,ExtraHop/DGA-Detection-Training-Dataset,dga,qtcmwmialka,11,dga_11_12
qtrghyarcwai.net,1,ExtraHop/DGA-Detection-Training-Dataset,dga,qtrghyarcwai,12,dga_11_12
qugcmrjvmut.net,1,ExtraHop/DGA-Detection-Training-Dataset,dga,qugcmrjvmut,11,dga_11_12
quqeubopurql.net,1,ExtraHop/DGA-Detection-Training-Dataset,dga,quqeubopurql,12,dga_11_12
qurewifnnxei.com,1,ExtraHop/DGA-Detection-Training-Dataset,dga,qurewifnnxei,12,dga_11_12
qvcejshoeqht.com,1,ExtraHop/DGA-Detection-Training-Dataset,dga,qvcejshoeqht,12,dga_11_12
qvqkzhuguwmf.info,1,ExtraHop/DGA-Detection-Training-Dataset,dga,qvqkzhuguwmf,12,dga_11_12
qxagemrajob.com,1,ExtraHop/DGA-Detection-Training-Dataset,dga,qxagemrajob,11,dga_11_12
qxwnepopuxwo.net,1,ExtraHop/DGA-Detection-Training-Dataset,dga,qxwnepopuxwo,12,dga_11_12
raxsudntddg.net,1,ExtraHop/DGA-Detection-Training-Dataset,dga,raxsudntddg,11,dga_11_12
rccgykzdybed.com,1,ExtraHop/DGA-Detection-Training-Dataset,dga,rccgykzdybed,12,dga_11_12
rcmgnuhnfmog.net,1,ExtraHop/DGA-Detection-Training-Dataset,dga,rcmgnuhnfmog,12,dga_11_12
rdxoinglane.com,1,ExtraHop/DGA-Detection-Training-Dataset,dga,rdxoinglane,11,dga_11_12
refuwyheyxa.com,1,ExtraHop/DGA-Detection-Training-Dataset,dga,refuwyheyxa,11,dga_11_12
rerudvhnrwp.org,1,ExtraHop/DGA-Detection-Training-Dataset,dga,rerudvhnrwp,11,dga_11_12
rezvztvbbfri.org,1,ExtraHop/DGA-Detection-Training-Dataset,dga,rezvztvbbfri,12,dga_11_12
rflptlhhpycd.info,1,ExtraHop/DGA-Detection-Training-Dataset,dga,rflptlhhpycd,12,dga_11_12
rfsslhnzujiu.com,1,ExtraHop/DGA-Detection-Training-Dataset,dga,rfsslhnzujiu,12,dga_11_12
rfttquerque.com,1,ExtraHop/DGA-Detection-Training-Dataset,dga,rfttquerque,11,dga_11_12
rgrpntosvaz.net,1,ExtraHop/DGA-Detection-Training-Dataset,dga,rgrpntosvaz,11,dga_11_12
rguorncjfhg.net,1,ExtraHop/DGA-Detection-Training-Dataset,dga,rguorncjfhg,11,dga_11_12
rhmzareisbad.net,1,ExtraHop/DGA-Detection-Training-Dataset,dga,rhmzareisbad,12,dga_11_12
rjezficlight.net,1,ExtraHop/DGA-Detection-Training-Dataset,dga,rjezficlight,12,dga_11_12
rjzjlmxzfxsj.com,1,ExtraHop/DGA-Detection-Training-Dataset,dga,rjzjlmxzfxsj,12,dga_11_12
rjzxmonkeys.info,1,ExtraHop/DGA-Detection-Training-Dataset,dga,rjzxmonkeys,11,dga_11_12
rkgiyehtmgn.net,1,ExtraHop/DGA-Detection-Training-Dataset,dga,rkgiyehtmgn,11,dga_11_12
rkitoumsdcq.com,1,ExtraHop/DGA-Detection-Training-Dataset,dga,rkitoumsdcq,11,dga_11_12
rkvibntipyzq.com,1,ExtraHop/DGA-Detection-Training-Dataset,dga,rkvibntipyzq,12,dga_11_12
rlgtuutihbnh.net,1,ExtraHop/DGA-Detection-Training-Dataset,dga,rlgtuutihbnh,12,dga_11_12
rmgaxlwmgyp.net,1,ExtraHop/DGA-Detection-Training-Dataset,dga,rmgaxlwmgyp,11,dga_11_12
rnaxksheqbfl.com,1,ExtraHop/DGA-Detection-Training-Dataset,dga,rnaxksheqbfl,12,dga_11_12
rprlmonkeys.com,1,ExtraHop/DGA-Detection-Training-Dataset,dga,rprlmonkeys,11,dga_11_12
rqqvflpfgfte.net,1,ExtraHop/DGA-Detection-Training-Dataset,dga,rqqvflpfgfte,12,dga_11_12
rsrmfybsqkx.org,1,ExtraHop/DGA-Detection-Training-Dataset,dga,rsrmfybsqkx,11,dga_11_12
rsvycrwpkpmy.org,1,ExtraHop/DGA-Detection-Training-Dataset,dga,rsvycrwpkpmy,12,dga_11_12
rtjprancisco.org,1,ExtraHop/DGA-Detection-Training-Dataset,dga,rtjprancisco,12,dga_11_12
rtktjjruvrjs.com,1,ExtraHop/DGA-Detection-Training-Dataset,dga,rtktjjruvrjs,12,dga_11_12
rtmwpiyngqsb.com,1,ExtraHop/DGA-Detection-Training-Dataset,dga,rtmwpiyngqsb,12,dga_11_12
rtnlancorml.info,1,ExtraHop/DGA-Detection-Training-Dataset,dga,rtnlancorml,11,dga_11_12
ruepptptxehd.net,1,ExtraHop/DGA-Detection-Training-Dataset,dga,ruepptptxehd,12,dga_11_12
rwsxehivlzn.com,1,ExtraHop/DGA-Detection-Training-Dataset,dga,rwsxehivlzn,11,dga_11_12
rxwadp3w2t4.net,1,ExtraHop/DGA-Detection-Training-Dataset,dga,rxwadp3w2t4,11,dga_11_12
ryasrtecdcu.com,1,ExtraHop/DGA-Detection-Training-Dataset,dga,ryasrtecdcu,11,dga_11_12
rycaqavicali.org,1,ExtraHop/DGA-Detection-Training-Dataset,dga,rycaqavicali,12,dga_11_12
rycaralicaxy.com,1,ExtraHop/DGA-Detection-Training-Dataset,dga,rycaralicaxy,12,dga_11_12
rycavolicaby.info,1,ExtraHop/DGA-Detection-Training-Dataset,dga,rycavolicaby,12,dga_11_12
ryhaqygicila.net,1,ExtraHop/DGA-Detection-Training-Dataset,dga,ryhaqygicila,12,dga_11_12
ryhavovicizi.com,1,ExtraHop/DGA-Detection-Training-Dataset,dga,ryhavovicizi,12,dga_11_12
rynahevycosi.info,1,ExtraHop/DGA-Detection-Training-Dataset,dga,rynahevycosi,12,dga_11_12
ryqanalycuby.org,1,ExtraHop/DGA-Detection-Training-Dataset,dga,ryqanalycuby,12,dga_11_12
ryqavogycuka.net,1,ExtraHop/DGA-Detection-Training-Dataset,dga,ryqavogycuka,12,dga_11_12
ryzlxbdtfcw.net,1,ExtraHop/DGA-Detection-Training-Dataset,dga,ryzlxbdtfcw,11,dga_11_12
rzdvinglane.com,1,ExtraHop/DGA-Detection-Training-Dataset,dga,rzdvinglane,11,dga_11_12
samgfaylrgnv.org,1,ExtraHop/DGA-Detection-Training-Dataset,dga,samgfaylrgnv,12,dga_11_12
sanuporsche.org,1,ExtraHop/DGA-Detection-Training-Dataset,dga,sanuporsche,11,dga_11_12
sbixnucocmaq.com,1,ExtraHop/DGA-Detection-Training-Dataset,dga,sbixnucocmaq,12,dga_11_12
sbkcznixcap.info,1,ExtraHop/DGA-Detection-Training-Dataset,dga,sbkcznixcap,11,dga_11_12
scditaprius.org,1,ExtraHop/DGA-Detection-Training-Dataset,dga,scditaprius,11,dga_11_12
scuaahrlrcns.com,1,ExtraHop/DGA-Detection-Training-Dataset,dga,scuaahrlrcns,12,dga_11_12
segpdhcssteq.net,1,ExtraHop/DGA-Detection-Training-Dataset,dga,segpdhcssteq,12,dga_11_12
serelxowyah.net,1,ExtraHop/DGA-Detection-Training-Dataset,dga,serelxowyah,11,dga_11_12
sfzrvfryvcw.org,1,ExtraHop/DGA-Detection-Training-Dataset,dga,sfzrvfryvcw,11,dga_11_12
sgzqinglane.org,1,ExtraHop/DGA-Detection-Training-Dataset,dga,sgzqinglane,11,dga_11_12
shptxwkwmfd.info,1,ExtraHop/DGA-Detection-Training-Dataset,dga,shptxwkwmfd,11,dga_11_12
sidiblqqpsl.com,1,ExtraHop/DGA-Detection-Training-Dataset,dga,sidiblqqpsl,11,dga_11_12
simaancorml.com,1,ExtraHop/DGA-Detection-Training-Dataset,dga,simaancorml,11,dga_11_12
sjnmsetueihh.com,1,ExtraHop/DGA-Detection-Training-Dataset,dga,sjnmsetueihh,12,dga_11_12
sjquifycwxlk.com,1,ExtraHop/DGA-Detection-Training-Dataset,dga,sjquifycwxlk,12,dga_11_12
skcmmyomesoi.net,1,ExtraHop/DGA-Detection-Training-Dataset,dga,skcmmyomesoi,12,dga_11_12
skdqfsxysrz.info,1,ExtraHop/DGA-Detection-Training-Dataset,dga,skdqfsxysrz,11,dga_11_12
skgsosqkskg.info,1,ExtraHop/DGA-Detection-Training-Dataset,dga,skgsosqkskg,11,dga_11_12
skmqkeaioeo.info,1,ExtraHop/DGA-Detection-Training-Dataset,dga,skmqkeaioeo,11,dga_11_12
skmuqsioasi.info,1,ExtraHop/DGA-Detection-Training-Dataset,dga,skmuqsioasi,11,dga_11_12
skoegaegamsu.org,1,ExtraHop/DGA-Detection-Training-Dataset,dga,skoegaegamsu,12,dga_11_12
skuocsqcasw.com,1,ExtraHop/DGA-Detection-Training-Dataset,dga,skuocsqcasw,11,dga_11_12
slmeehtennme.org,1,ExtraHop/DGA-Detection-Training-Dataset,dga,slmeehtennme,12,dga_11_12
smdaficlight.org,1,ExtraHop/DGA-Detection-Training-Dataset,dga,smdaficlight,12,dga_11_12
snjnralcufcd.org,1,ExtraHop/DGA-Detection-Training-Dataset,dga,snjnralcufcd,12,dga_11_12
sqdgdhockey.org,1,ExtraHop/DGA-Detection-Training-Dataset,dga,sqdgdhockey,11,dga_11_12
srlmihyqqelw.info,1,ExtraHop/DGA-Detection-Training-Dataset,dga,srlmihyqqelw,12,dga_11_12
swfwsijcusz.com,1,ExtraHop/DGA-Detection-Training-Dataset,dga,swfwsijcusz,11,dga_11_12
swjumonkeys.org,1,ExtraHop/DGA-Detection-Training-Dataset,dga,swjumonkeys,11,dga_11_12
swtvmonkeys.com,1,ExtraHop/DGA-Detection-Training-Dataset,dga,swtvmonkeys,11,dga_11_12
swylavyggsw.info,1,ExtraHop/DGA-Detection-Training-Dataset,dga,swylavyggsw,11,dga_11_12
syeyordf150.com,1,ExtraHop/DGA-Detection-Training-Dataset,dga,syeyordf150,11,dga_11_12
syusboubktuc.net,1,ExtraHop/DGA-Detection-Training-Dataset,dga,syusboubktuc,12,dga_11_12
tahpwlyociur.net,1,ExtraHop/DGA-Detection-Training-Dataset,dga,tahpwlyociur,12,dga_11_12
tavhgejndozf.net,1,ExtraHop/DGA-Detection-Training-Dataset,dga,tavhgejndozf,12,dga_11_12
tcaqjjhacbm.net,1,ExtraHop/DGA-Detection-Training-Dataset,dga,tcaqjjhacbm,11,dga_11_12
tcvevmmrgwcc.net,1,ExtraHop/DGA-Detection-Training-Dataset,dga,tcvevmmrgwcc,12,dga_11_12
tddmkdupkjir.com,1,ExtraHop/DGA-Detection-Training-Dataset,dga,tddmkdupkjir,12,dga_11_12
tdjauiiisgb.org,1,ExtraHop/DGA-Detection-Training-Dataset,dga,tdjauiiisgb,11,dga_11_12
tdjfhnobcij.net,1,ExtraHop/DGA-Detection-Training-Dataset,dga,tdjfhnobcij,11,dga_11_12
tdyaqqxaybw.com,1,ExtraHop/DGA-Detection-Training-Dataset,dga,tdyaqqxaybw,11,dga_11_12
tfxkfvoihiwu.org,1,ExtraHop/DGA-Detection-Training-Dataset,dga,tfxkfvoihiwu,12,dga_11_12
thxhegtglaz.org,1,ExtraHop/DGA-Detection-Training-Dataset,dga,thxhegtglaz,11,dga_11_12
tifjgrstvmdh.com,1,ExtraHop/DGA-Detection-Training-Dataset,dga,tifjgrstvmdh,12,dga_11_12
tjuiordf150.net,1,ExtraHop/DGA-Detection-Training-Dataset,dga,tjuiordf150,11,dga_11_12
tlhkypnmgenc.org,1,ExtraHop/DGA-Detection-Training-Dataset,dga,tlhkypnmgenc,12,dga_11_12
tmvhtqvpcyx.net,1,ExtraHop/DGA-Detection-Training-Dataset,dga,tmvhtqvpcyx,11,dga_11_12
tojsevkbrcap.info,1,ExtraHop/DGA-Detection-Training-Dataset,dga,tojsevkbrcap,12,dga_11_12
tpbtyijkzss.org,1,ExtraHop/DGA-Detection-Training-Dataset,dga,tpbtyijkzss,11,dga_11_12
tprjysbeqiqx.org,1,ExtraHop/DGA-Detection-Training-Dataset,dga,tprjysbeqiqx,12,dga_11_12
tqiomxgihthr.org,1,ExtraHop/DGA-Detection-Training-Dataset,dga,tqiomxgihthr,12,dga_11_12
trbeomtucov.net,1,ExtraHop/DGA-Detection-Training-Dataset,dga,trbeomtucov,11,dga_11_12
trpxqfnmckxp.info,1,ExtraHop/DGA-Detection-Training-Dataset,dga,trpxqfnmckxp,12,dga_11_12
tsnmirtiqazj.com,1,ExtraHop/DGA-Detection-Training-Dataset,dga,tsnmirtiqazj,12,dga_11_12
ttfyengerjet.info,1,ExtraHop/DGA-Detection-Training-Dataset,dga,ttfyengerjet,12,dga_11_12
ttyldnkywzch.org,1,ExtraHop/DGA-Detection-Training-Dataset,dga,ttyldnkywzch,12,dga_11_12
ttyqancorml.org,1,ExtraHop/DGA-Detection-Training-Dataset,dga,ttyqancorml,11,dga_11_12
tutsnmlkkkth.com,1,ExtraHop/DGA-Detection-Training-Dataset,dga,tutsnmlkkkth,12,dga_11_12
twvrwtuvfydo.com,1,ExtraHop/DGA-Detection-Training-Dataset,dga,twvrwtuvfydo,12,dga_11_12
txdxtjnnmdmo.info,1,ExtraHop/DGA-Detection-Training-Dataset,dga,txdxtjnnmdmo,12,dga_11_12
txexerehcvg.net,1,ExtraHop/DGA-Detection-Training-Dataset,dga,txexerehcvg,11,dga_11_12
txroepictom.com,1,ExtraHop/DGA-Detection-Training-Dataset,dga,txroepictom,11,dga_11_12
txuhareisbad.com,1,ExtraHop/DGA-Detection-Training-Dataset,dga,txuhareisbad,12,dga_11_12
txuulygossoh.org,1,ExtraHop/DGA-Detection-Training-Dataset,dga,txuulygossoh,12,dga_11_12
tznbepictom.com,1,ExtraHop/DGA-Detection-Training-Dataset,dga,tznbepictom,11,dga_11_12
uabrancorml.com,1,ExtraHop/DGA-Detection-Training-Dataset,dga,uabrancorml,11,dga_11_12
uajmyccubkfk.org,1,ExtraHop/DGA-Detection-Training-Dataset,dga,uajmyccubkfk,12,dga_11_12
ualxpohfyteu.info,1,ExtraHop/DGA-Detection-Training-Dataset,dga,ualxpohfyteu,12,dga_11_12
ubjfwnxrarqa.com,1,ExtraHop/DGA-Detection-Training-Dataset,dga,ubjfwnxrarqa,12,dga_11_12
ucdogmwvlys.net,1,ExtraHop/DGA-Detection-Training-Dataset,dga,ucdogmwvlys,11,dga_11_12
ucrbficlight.com,1,ExtraHop/DGA-Detection-Training-Dataset,dga,ucrbficlight,12,dga_11_12
uducltdjncj.info,1,ExtraHop/DGA-Detection-Training-Dataset,dga,uducltdjncj,11,dga_11_12
udxrkejtlwq.com,1,ExtraHop/DGA-Detection-Training-Dataset,dga,udxrkejtlwq,11,dga_11_12
ufbgmfnegih.info,1,ExtraHop/DGA-Detection-Training-Dataset,dga,ufbgmfnegih,11,dga_11_12
ughjnwinnck.com,1,ExtraHop/DGA-Detection-Training-Dataset,dga,ughjnwinnck,11,dga_11_12
uglhrulegacy.net,1,ExtraHop/DGA-Detection-Training-Dataset,dga,uglhrulegacy,12,dga_11_12
uhotqjjvnnfe.net,1,ExtraHop/DGA-Detection-Training-Dataset,dga,uhotqjjvnnfe,12,dga_11_12
uijmbyqjgeqs.com,1,ExtraHop/DGA-Detection-Training-Dataset,dga,uijmbyqjgeqs,12,dga_11_12
ujflnthgrfja.net,1,ExtraHop/DGA-Detection-Training-Dataset,dga,ujflnthgrfja,12,dga_11_12
ukbbkcwchth.net,1,ExtraHop/DGA-Detection-Training-Dataset,dga,ukbbkcwchth,11,dga_11_12
umljinglane.net,1,ExtraHop/DGA-Detection-Training-Dataset,dga,umljinglane,11,dga_11_12
umlmepictom.com,1,ExtraHop/DGA-Detection-Training-Dataset,dga,umlmepictom,11,dga_11_12
unnmdtkrrurb.org,1,ExtraHop/DGA-Detection-Training-Dataset,dga,unnmdtkrrurb,12,dga_11_12
uoekmaycicy.info,1,ExtraHop/DGA-Detection-Training-Dataset,dga,uoekmaycicy,11,dga_11_12
uoftepictom.net,1,ExtraHop/DGA-Detection-Training-Dataset,dga,uoftepictom,11,dga_11_12
uoiqgqsaguks.net,1,ExtraHop/DGA-Detection-Training-Dataset,dga,uoiqgqsaguks,12,dga_11_12
uomkmaiwsym.org,1,ExtraHop/DGA-Detection-Training-Dataset,dga,uomkmaiwsym,11,dga_11_12
uooaomwqgau.info,1,ExtraHop/DGA-Detection-Training-Dataset,dga,uooaomwqgau,11,dga_11_12
uooyeyosmuwc.org,1,ExtraHop/DGA-Detection-Training-Dataset,dga,uooyeyosmuwc,12,dga_11_12
uoqwmcqoqqo.com,1,ExtraHop/DGA-Detection-Training-Dataset,dga,uoqwmcqoqqo,11,dga_11_12
uoscqwgywqi.net,1,ExtraHop/DGA-Detection-Training-Dataset,dga,uoscqwgywqi,11,dga_11_12
uoukgiqaguw.org,1,ExtraHop/DGA-Detection-Training-Dataset,dga,uoukgiqaguw,11,dga_11_12
uoumuqsycug.info,1,ExtraHop/DGA-Detection-Training-Dataset,dga,uoumuqsycug,11,dga_11_12
uoymkiiqscgq.info,1,ExtraHop/DGA-Detection-Training-Dataset,dga,uoymkiiqscgq,12,dga_11_12
uoywugassqs.org,1,ExtraHop/DGA-Detection-Training-Dataset,dga,uoywugassqs,11,dga_11_12
upgvifbwmukl.com,1,ExtraHop/DGA-Detection-Training-Dataset,dga,upgvifbwmukl,12,dga_11_12
uqchunxvobnr.net,1,ExtraHop/DGA-Detection-Training-Dataset,dga,uqchunxvobnr,12,dga_11_12
uqpdbtgcdhw.net,1,ExtraHop/DGA-Detection-Training-Dataset,dga,uqpdbtgcdhw,11,dga_11_12
uqqzpqulcvj.com,1,ExtraHop/DGA-Detection-Training-Dataset,dga,uqqzpqulcvj,11,dga_11_12
urqmsjzeabku.info,1,ExtraHop/DGA-Detection-Training-Dataset,dga,urqmsjzeabku,12,dga_11_12
ursvylypwru.net,1,ExtraHop/DGA-Detection-Training-Dataset,dga,ursvylypwru,11,dga_11_12
uuqyeuuvcdgt.org,1,ExtraHop/DGA-Detection-Training-Dataset,dga,uuqyeuuvcdgt,12,dga_11_12
uuxibmmpmryp.com,1,ExtraHop/DGA-Detection-Training-Dataset,dga,uuxibmmpmryp,12,dga_11_12
uvabxkbdiey.com,1,ExtraHop/DGA-Detection-Training-Dataset,dga,uvabxkbdiey,11,dga_11_12
uvjxwiikggb.net,1,ExtraHop/DGA-Detection-Training-Dataset,dga,uvjxwiikggb,11,dga_11_12
uxteptttmur.net,1,ExtraHop/DGA-Detection-Training-Dataset,dga,uxteptttmur,11,dga_11_12
uxvcpospten.org,1,ExtraHop/DGA-Detection-Training-Dataset,dga,uxvcpospten,11,dga_11_12
vantvqgbdya.org,1,ExtraHop/DGA-Detection-Training-Dataset,dga,vantvqgbdya,11,dga_11_12
vbpccinmuqpy.net,1,ExtraHop/DGA-Detection-Training-Dataset,dga,vbpccinmuqpy,12,dga_11_12
vclveflzjcz.com,1,ExtraHop/DGA-Detection-Training-Dataset,dga,vclveflzjcz,11,dga_11_12
vcvuxmhtpng.com,1,ExtraHop/DGA-Detection-Training-Dataset,dga,vcvuxmhtpng,11,dga_11_12
vdxexwtmjvj.info,1,ExtraHop/DGA-Detection-Training-Dataset,dga,vdxexwtmjvj,11,dga_11_12
vedkneeddyyy.org,1,ExtraHop/DGA-Detection-Training-Dataset,dga,vedkneeddyyy,12,dga_11_12
veuxpnqiibk.info,1,ExtraHop/DGA-Detection-Training-Dataset,dga,veuxpnqiibk,11,dga_11_12
vhtgepictom.net,1,ExtraHop/DGA-Detection-Training-Dataset,dga,vhtgepictom,11,dga_11_12
viffbsgracvo.net,1,ExtraHop/DGA-Detection-Training-Dataset,dga,viffbsgracvo,12,dga_11_12
vjeqmkltsbfi.org,1,ExtraHop/DGA-Detection-Training-Dataset,dga,vjeqmkltsbfi,12,dga_11_12
vjiorulegacy.org,1,ExtraHop/DGA-Detection-Training-Dataset,dga,vjiorulegacy,12,dga_11_12
vjprbvpknyv.net,1,ExtraHop/DGA-Detection-Training-Dataset,dga,vjprbvpknyv,11,dga_11_12
vkkxoiduejwd.info,1,ExtraHop/DGA-Detection-Training-Dataset,dga,vkkxoiduejwd,12,dga_11_12
vlmtdhockey.org,1,ExtraHop/DGA-Detection-Training-Dataset,dga,vlmtdhockey,11,dga_11_12
vlsbdlazliz.com,1,ExtraHop/DGA-Detection-Training-Dataset,dga,vlsbdlazliz,11,dga_11_12
vmhugbqqhgt.net,1,ExtraHop/DGA-Detection-Training-Dataset,dga,vmhugbqqhgt,11,dga_11_12
vmseitfsvwk.net,1,ExtraHop/DGA-Detection-Training-Dataset,dga,vmseitfsvwk,11,dga_11_12
vocyrykefid.org,1,ExtraHop/DGA-Detection-Training-Dataset,dga,vocyrykefid,11,dga_11_12
vofyjukefuj.net,1,ExtraHop/DGA-Detection-Training-Dataset,dga,vofyjukefuj,11,dga_11_12
vojycafyfed.info,1,ExtraHop/DGA-Detection-Training-Dataset,dga,vojycafyfed,11,dga_11_12
vojygikufep.net,1,ExtraHop/DGA-Detection-Training-Dataset,dga,vojygikufep,11,dga_11_12
vojyrycofel.net,1,ExtraHop/DGA-Detection-Training-Dataset,dga,vojyrycofel,11,dga_11_12
vojyzocifex.info,1,ExtraHop/DGA-Detection-Training-Dataset,dga,vojyzocifex,11,dga_11_12
volygykofoc.net,1,ExtraHop/DGA-Detection-Training-Dataset,dga,volygykofoc,11,dga_11_12
vonybycofyv.com,1,ExtraHop/DGA-Detection-Training-Dataset,dga,vonybycofyv,11,dga_11_12
vonymakufyz.info,1,ExtraHop/DGA-Detection-Training-Dataset,dga,vonymakufyz,11,dga_11_12
vonymecyfyq.com,1,ExtraHop/DGA-Detection-Training-Dataset,dga,vonymecyfyq,11,dga_11_12
vopygacefot.org,1,ExtraHop/DGA-Detection-Training-Dataset,dga,vopygacefot,11,dga_11_12
vowydefyfam.net,1,ExtraHop/DGA-Detection-Training-Dataset,dga,vowydefyfam,11,dga_11_12
vowyzikofad.org,1,ExtraHop/DGA-Detection-Training-Dataset,dga,vowyzikofad,11,dga_11_12
voyrogkynud.net,1,ExtraHop/DGA-Detection-Training-Dataset,dga,voyrogkynud,11,dga_11_12
vpnaengerjet.net,1,ExtraHop/DGA-Detection-Training-Dataset,dga,vpnaengerjet,12,dga_11_12
vptvunnzmvp.info,1,ExtraHop/DGA-Detection-Training-Dataset,dga,vptvunnzmvp,11,dga_11_12
vrakpiauuwr.info,1,ExtraHop/DGA-Detection-Training-Dataset,dga,vrakpiauuwr,11,dga_11_12
vsjfmpgrbjft.info,1,ExtraHop/DGA-Detection-Training-Dataset,dga,vsjfmpgrbjft,12,dga_11_12
vsxtjltbdct.org,1,ExtraHop/DGA-Detection-Training-Dataset,dga,vsxtjltbdct,11,dga_11_12
vvekkajfiwau.info,1,ExtraHop/DGA-Detection-Training-Dataset,dga,vvekkajfiwau,12,dga_11_12
vvggporsche.net,1,ExtraHop/DGA-Detection-Training-Dataset,dga,vvggporsche,11,dga_11_12
vvhszoafdvdj.com,1,ExtraHop/DGA-Detection-Training-Dataset,dga,vvhszoafdvdj,12,dga_11_12
vxcpporsche.net,1,ExtraHop/DGA-Detection-Training-Dataset,dga,vxcpporsche,11,dga_11_12
vxdozfqxzvxs.org,1,ExtraHop/DGA-Detection-Training-Dataset,dga,vxdozfqxzvxs,12,dga_11_12
vxdxrulegacy.com,1,ExtraHop/DGA-Detection-Training-Dataset,dga,vxdxrulegacy,12,dga_11_12
vxhakiulpeb.com,1,ExtraHop/DGA-Detection-Training-Dataset,dga,vxhakiulpeb,11,dga_11_12
vznyageclaim.org,1,ExtraHop/DGA-Detection-Training-Dataset,dga,vznyageclaim,12,dga_11_12
wadwengerjet.info,1,ExtraHop/DGA-Detection-Training-Dataset,dga,wadwengerjet,12,dga_11_12
wblydiqlxupm.org,1,ExtraHop/DGA-Detection-Training-Dataset,dga,wblydiqlxupm,12,dga_11_12
wbsxyovebhar.net,1,ExtraHop/DGA-Detection-Training-Dataset,dga,wbsxyovebhar,12,dga_11_12
wcgnxabolhgk.net,1,ExtraHop/DGA-Detection-Training-Dataset,dga,wcgnxabolhgk,12,dga_11_12
wcoqpsqztuz.com,1,ExtraHop/DGA-Detection-Training-Dataset,dga,wcoqpsqztuz,11,dga_11_12
wdzipsrqdyh.com,1,ExtraHop/DGA-Detection-Training-Dataset,dga,wdzipsrqdyh,11,dga_11_12
wfwcotkowes.com,1,ExtraHop/DGA-Detection-Training-Dataset,dga,wfwcotkowes,11,dga_11_12
wgoksgkqgusw.info,1,ExtraHop/DGA-Detection-Training-Dataset,dga,wgoksgkqgusw,12,dga_11_12
whgxrkvywft.org,1,ExtraHop/DGA-Detection-Training-Dataset,dga,whgxrkvywft,11,dga_11_12
wihabufupji.info,1,ExtraHop/DGA-Detection-Training-Dataset,dga,wihabufupji,11,dga_11_12
wluheqdxlnad.net,1,ExtraHop/DGA-Detection-Training-Dataset,dga,wluheqdxlnad,12,dga_11_12
wmfcknuasop.com,1,ExtraHop/DGA-Detection-Training-Dataset,dga,wmfcknuasop,11,dga_11_12
wobxvolwcgyw.com,1,ExtraHop/DGA-Detection-Training-Dataset,dga,wobxvolwcgyw,12,dga_11_12
wojohqtfdbfs.info,1,ExtraHop/DGA-Detection-Training-Dataset,dga,wojohqtfdbfs,12,dga_11_12
wqhtuhxuxse.info,1,ExtraHop/DGA-Detection-Training-Dataset,dga,wqhtuhxuxse,11,dga_11_12
wqpbancorml.com,1,ExtraHop/DGA-Detection-Training-Dataset,dga,wqpbancorml,11,dga_11_12
wsgcwysmgse.net,1,ExtraHop/DGA-Detection-Training-Dataset,dga,wsgcwysmgse,11,dga_11_12
wssmuecweikg.com,1,ExtraHop/DGA-Detection-Training-Dataset,dga,wssmuecweikg,12,dga_11_12
wsuymawqiygy.info,1,ExtraHop/DGA-Detection-Training-Dataset,dga,wsuymawqiygy,12,dga_11_12
wsyaeuccsis.org,1,ExtraHop/DGA-Detection-Training-Dataset,dga,wsyaeuccsis,11,dga_11_12
wtivvoldsfjl.com,1,ExtraHop/DGA-Detection-Training-Dataset,dga,wtivvoldsfjl,12,dga_11_12
wudwdhockey.com,1,ExtraHop/DGA-Detection-Training-Dataset,dga,wudwdhockey,11,dga_11_12
wukdcjgktqy.net,1,ExtraHop/DGA-Detection-Training-Dataset,dga,wukdcjgktqy,11,dga_11_12
wurxepictom.org,1,ExtraHop/DGA-Detection-Training-Dataset,dga,wurxepictom,11,dga_11_12
wuudvfmgbqz.net,1,ExtraHop/DGA-Detection-Training-Dataset,dga,wuudvfmgbqz,11,dga_11_12
wyghwojxxqdn.net,1,ExtraHop/DGA-Detection-Training-Dataset,dga,wyghwojxxqdn,12,dga_11_12
wytmodaudth.org,1,ExtraHop/DGA-Detection-Training-Dataset,dga,wytmodaudth,11,dga_11_12
xcqawaferuc.com,1,ExtraHop/DGA-Detection-Training-Dataset,dga,xcqawaferuc,11,dga_11_12
xdeheovnygjc.net,1,ExtraHop/DGA-Detection-Training-Dataset,dga,xdeheovnygjc,12,dga_11_12
xdnondhjffa.info,1,ExtraHop/DGA-Detection-Training-Dataset,dga,xdnondhjffa,11,dga_11_12
xenhkjxsrrm.info,1,ExtraHop/DGA-Detection-Training-Dataset,dga,xenhkjxsrrm,11,dga_11_12
xhhumonkeys.com,1,ExtraHop/DGA-Detection-Training-Dataset,dga,xhhumonkeys,11,dga_11_12
xhqqquerque.info,1,ExtraHop/DGA-Detection-Training-Dataset,dga,xhqqquerque,11,dga_11_12
xjkrareisbad.info,1,ExtraHop/DGA-Detection-Training-Dataset,dga,xjkrareisbad,12,dga_11_12
xjnsepictom.info,1,ExtraHop/DGA-Detection-Training-Dataset,dga,xjnsepictom,11,dga_11_12
xjrqporsche.org,1,ExtraHop/DGA-Detection-Training-Dataset,dga,xjrqporsche,11,dga_11_12
xkmkjoxbvon.org,1,ExtraHop/DGA-Detection-Training-Dataset,dga,xkmkjoxbvon,11,dga_11_12
xlbsareisbad.com,1,ExtraHop/DGA-Detection-Training-Dataset,dga,xlbsareisbad,12,dga_11_12
xleynyihehct.com,1,ExtraHop/DGA-Detection-Training-Dataset,dga,xleynyihehct,12,dga_11_12
xlqtmmdcrqio.com,1,ExtraHop/DGA-Detection-Training-Dataset,dga,xlqtmmdcrqio,12,dga_11_12
xmaezeytsqj.net,1,ExtraHop/DGA-Detection-Training-Dataset,dga,xmaezeytsqj,11,dga_11_12
xmhsxclifcf.org,1,ExtraHop/DGA-Detection-Training-Dataset,dga,xmhsxclifcf,11,dga_11_12
xmscueqamkx.com,1,ExtraHop/DGA-Detection-Training-Dataset,dga,xmscueqamkx,11,dga_11_12
xqmplloihbgk.org,1,ExtraHop/DGA-Detection-Training-Dataset,dga,xqmplloihbgk,12,dga_11_12
xrpwtaprius.com,1,ExtraHop/DGA-Detection-Training-Dataset,dga,xrpwtaprius,11,dga_11_12
xrznageclaim.org,1,ExtraHop/DGA-Detection-Training-Dataset,dga,xrznageclaim,12,dga_11_12
xtcsrancisco.org,1,ExtraHop/DGA-Detection-Training-Dataset,dga,xtcsrancisco,12,dga_11_12
xteldnncnjxl.org,1,ExtraHop/DGA-Detection-Training-Dataset,dga,xteldnncnjxl,12,dga_11_12
xtvikyxnfcgy.org,1,ExtraHop/DGA-Detection-Training-Dataset,dga,xtvikyxnfcgy,12,dga_11_12
xufzbyfafewy.com,1,ExtraHop/DGA-Detection-Training-Dataset,dga,xufzbyfafewy,12,dga_11_12
xugaronimuva.net,1,ExtraHop/DGA-Detection-Training-Dataset,dga,xugaronimuva,12,dga_11_12
xuqasydumyro.info,1,ExtraHop/DGA-Detection-Training-Dataset,dga,xuqasydumyro,12,dga_11_12
xuqatademyjo.net,1,ExtraHop/DGA-Detection-Training-Dataset,dga,xuqatademyjo,12,dga_11_12
xwdtonuhpnbe.org,1,ExtraHop/DGA-Detection-Training-Dataset,dga,xwdtonuhpnbe,12,dga_11_12
xxjuuiecqbb.com,1,ExtraHop/DGA-Detection-Training-Dataset,dga,xxjuuiecqbb,11,dga_11_12
xxlqxpwnxpb.com,1,ExtraHop/DGA-Detection-Training-Dataset,dga,xxlqxpwnxpb,11,dga_11_12
xyacgflvmpf.net,1,ExtraHop/DGA-Detection-Training-Dataset,dga,xyacgflvmpf,11,dga_11_12
xyxjuwkbmlog.com,1,ExtraHop/DGA-Detection-Training-Dataset,dga,xyxjuwkbmlog,12,dga_11_12
xzcudhockey.org,1,ExtraHop/DGA-Detection-Training-Dataset,dga,xzcudhockey,11,dga_11_12
yadkyqaqgnp.com,1,ExtraHop/DGA-Detection-Training-Dataset,dga,yadkyqaqgnp,11,dga_11_12
yagcptwsnlbq.com,1,ExtraHop/DGA-Detection-Training-Dataset,dga,yagcptwsnlbq,12,dga_11_12
yajmftemles.org,1,ExtraHop/DGA-Detection-Training-Dataset,dga,yajmftemles,11,dga_11_12
yayamonkeys.info,1,ExtraHop/DGA-Detection-Training-Dataset,dga,yayamonkeys,11,dga_11_12
ybwfvbchixff.org,1,ExtraHop/DGA-Detection-Training-Dataset,dga,ybwfvbchixff,12,dga_11_12
ycmgquuphix.org,1,ExtraHop/DGA-Detection-Training-Dataset,dga,ycmgquuphix,11,dga_11_12
ycslwaiuvhre.net,1,ExtraHop/DGA-Detection-Training-Dataset,dga,ycslwaiuvhre,12,dga_11_12
yekcquerque.com,1,ExtraHop/DGA-Detection-Training-Dataset,dga,yekcquerque,11,dga_11_12
yfbnnorwxoc.info,1,ExtraHop/DGA-Detection-Training-Dataset,dga,yfbnnorwxoc,11,dga_11_12
ygdniuhbbizi.org,1,ExtraHop/DGA-Detection-Training-Dataset,dga,ygdniuhbbizi,12,dga_11_12
yhmjeihtdupo.info,1,ExtraHop/DGA-Detection-Training-Dataset,dga,yhmjeihtdupo,12,dga_11_12
yhqutqkwqwl.net,1,ExtraHop/DGA-Detection-Training-Dataset,dga,yhqutqkwqwl,11,dga_11_12
yiieengerjet.info,1,ExtraHop/DGA-Detection-Training-Dataset,dga,yiieengerjet,12,dga_11_12
yinteopukofo.com,1,ExtraHop/DGA-Detection-Training-Dataset,dga,yinteopukofo,12,dga_11_12
ymralqkascw.org,1,ExtraHop/DGA-Detection-Training-Dataset,dga,ymralqkascw,11,dga_11_12
ymsxnkganni.net,1,ExtraHop/DGA-Detection-Training-Dataset,dga,ymsxnkganni,11,dga_11_12
ymtpancorml.info,1,ExtraHop/DGA-Detection-Training-Dataset,dga,ymtpancorml,11,dga_11_12
ymuuporsche.info,1,ExtraHop/DGA-Detection-Training-Dataset,dga,ymuuporsche,11,dga_11_12
ynnuuadpfif.net,1,ExtraHop/DGA-Detection-Training-Dataset,dga,ynnuuadpfif,11,dga_11_12
yrerphyyxli.org,1,ExtraHop/DGA-Detection-Training-Dataset,dga,yrerphyyxli,11,dga_11_12
ysjaordf150.org,1,ExtraHop/DGA-Detection-Training-Dataset,dga,ysjaordf150,11,dga_11_12
yslbficlight.info,1,ExtraHop/DGA-Detection-Training-Dataset,dga,yslbficlight,12,dga_11_12
ysvaquerque.org,1,ExtraHop/DGA-Detection-Training-Dataset,dga,ysvaquerque,11,dga_11_12
yuvkqfbwwrpb.net,1,ExtraHop/DGA-Detection-Training-Dataset,dga,yuvkqfbwwrpb,12,dga_11_12
yvjnzcpolrp.com,1,ExtraHop/DGA-Detection-Training-Dataset,dga,yvjnzcpolrp,11,dga_11_12
ywaqsayeoisu.info,1,ExtraHop/DGA-Detection-Training-Dataset,dga,ywaqsayeoisu,12,dga_11_12
ywgmcckokgs.org,1,ExtraHop/DGA-Detection-Training-Dataset,dga,ywgmcckokgs,11,dga_11_12
ywikkyiqyucc.com,1,ExtraHop/DGA-Detection-Training-Dataset,dga,ywikkyiqyucc,12,dga_11_12
ywimmaauegyk.org,1,ExtraHop/DGA-Detection-Training-Dataset,dga,ywimmaauegyk,12,dga_11_12
ywioaguuegyy.info,1,ExtraHop/DGA-Detection-Training-Dataset,dga,ywioaguuegyy,12,dga_11_12
ywkemeyyimg.net,1,ExtraHop/DGA-Detection-Training-Dataset,dga,ywkemeyyimg,11,dga_11_12
ywmqaiyqmomw.com,1,ExtraHop/DGA-Detection-Training-Dataset,dga,ywmqaiyqmomw,12,dga_11_12
ywoaggceouqu.com,1,ExtraHop/DGA-Detection-Training-Dataset,dga,ywoaggceouqu,12,dga_11_12
ywokiucqwsu.org,1,ExtraHop/DGA-Detection-Training-Dataset,dga,ywokiucqwsu,11,dga_11_12
ywqvjjvdvjtg.net,1,ExtraHop/DGA-Detection-Training-Dataset,dga,ywqvjjvdvjtg,12,dga_11_12
ywueugpudtn.info,1,ExtraHop/DGA-Detection-Training-Dataset,dga,ywueugpudtn,11,dga_11_12
ywyqowemmmai.com,1,ExtraHop/DGA-Detection-Training-Dataset,dga,ywyqowemmmai,12,dga_11_12
yyqivfgwchev.info,1,ExtraHop/DGA-Detection-Training-Dataset,dga,yyqivfgwchev,12,dga_11_12
zauzynzmhnov.com,1,ExtraHop/DGA-Detection-Training-Dataset,dga,zauzynzmhnov,12,dga_11_12
zexfouthpqv.org,1,ExtraHop/DGA-Detection-Training-Dataset,dga,zexfouthpqv,11,dga_11_12
zfkxporsche.net,1,ExtraHop/DGA-Detection-Training-Dataset,dga,zfkxporsche,11,dga_11_12
zhznengerjet.net,1,ExtraHop/DGA-Detection-Training-Dataset,dga,zhznengerjet,12,dga_11_12
zimwxfoojsk.net,1,ExtraHop/DGA-Detection-Training-Dataset,dga,zimwxfoojsk,11,dga_11_12
zmztqytlmyb.org,1,ExtraHop/DGA-Detection-Training-Dataset,dga,zmztqytlmyb,11,dga_11_12
zpjiirupcrwz.org,1,ExtraHop/DGA-Detection-Training-Dataset,dga,zpjiirupcrwz,12,dga_11_12
zrjkareisbad.com,1,ExtraHop/DGA-Detection-Training-Dataset,dga,zrjkareisbad,12,dga_11_12
ztdqppnpbchi.info,1,ExtraHop/DGA-Detection-Training-Dataset,dga,ztdqppnpbchi,12,dga_11_12
ztnrjxvqeov.info,1,ExtraHop/DGA-Detection-Training-Dataset,dga,ztnrjxvqeov,11,dga_11_12
zttgmohpedwy.com,1,ExtraHop/DGA-Detection-Training-Dataset,dga,zttgmohpedwy,12,dga_11_12
zvjpdhockey.net,1,ExtraHop/DGA-Detection-Training-Dataset,dga,zvjpdhockey,11,dga_11_12
zxjrareisbad.info,1,ExtraHop/DGA-Detection-Training-Dataset,dga,zxjrareisbad,12,dga_11_12
zxncjhhgzhj.net,1,ExtraHop/DGA-Detection-Training-Dataset,dga,zxncjhhgzhj,11,dga_11_12
zznlekvuynxr.info,1,ExtraHop/DGA-Detection-Training-Dataset,dga,zznlekvuynxr,12,dga_11_12
10e432k0wbe6oj5.org,1,ExtraHop/DGA-Detection-Training-Dataset,dga,10e432k0wbe6oj5,15,dga_13_15
141456cbypglw85.info,1,ExtraHop/DGA-Detection-Training-Dataset,dga,141456cbypglw85,15,dga_13_15
14af7xy6o0q4gh1.com,1,ExtraHop/DGA-Detection-Training-Dataset,dga,14af7xy6o0q4gh1,15,dga_13_15
1614epqdqvgj3v7.com,1,ExtraHop/DGA-Detection-Training-Dataset,dga,1614epqdqvgj3v7,15,dga_13_15
167ps2evc8khi0m.com,1,ExtraHop/DGA-Detection-Training-Dataset,dga,167ps2evc8khi0m,15,dga_13_15
18yhydifk6q258i.net,1,ExtraHop/DGA-Detection-Training-Dataset,dga,18yhydifk6q258i,15,dga_13_15
1f3v5tyv1j52y0q.com,1,ExtraHop/DGA-Detection-Training-Dataset,dga,1f3v5tyv1j52y0q,15,dga_13_15
1fghktobafsfwxc.info,1,ExtraHop/DGA-Detection-Training-Dataset,dga,1fghktobafsfwxc,15,dga_13_15
1jctshg8wrqts25.com,1,ExtraHop/DGA-Detection-Training-Dataset,dga,1jctshg8wrqts25,15,dga_13_15
1l7polw8iret5dy.info,1,ExtraHop/DGA-Detection-Training-Dataset,dga,1l7polw8iret5dy,15,dga_13_15
1palwhstujct7t7.net,1,ExtraHop/DGA-Detection-Training-Dataset,dga,1palwhstujct7t7,15,dga_13_15
1rcj7bc6mdar3vk.info,1,ExtraHop/DGA-Detection-Training-Dataset,dga,1rcj7bc6mdar3vk,15,dga_13_15
1rslalabotq872q.net,1,ExtraHop/DGA-Detection-Training-Dataset,dga,1rslalabotq872q,15,dga_13_15
1topqpops6sd1dy.net,1,ExtraHop/DGA-Detection-Training-Dataset,dga,1topqpops6sd1dy,15,dga_13_15
1v1h10qra4kp1vw.info,1,ExtraHop/DGA-Detection-Training-Dataset,dga,1v1h10qra4kp1vw,15,dga_13_15
1v1nq0grivinypc.com,1,ExtraHop/DGA-Detection-Training-Dataset,dga,1v1nq0grivinypc,15,dga_13_15
1xwl3lsfi0mpw4u.org,1,ExtraHop/DGA-Detection-Training-Dataset,dga,1xwl3lsfi0mpw4u,15,dga_13_15
3056q43tst52m0g.com,1,ExtraHop/DGA-Detection-Training-Dataset,dga,3056q43tst52m0g,15,dga_13_15
3b16crofyjatet3.net,1,ExtraHop/DGA-Detection-Training-Dataset,dga,3b16crofyjatet3,15,dga_13_15
3b3rwf70wloxwjm.org,1,ExtraHop/DGA-Detection-Training-Dataset,dga,3b3rwf70wloxwjm,15,dga_13_15
3ba2sfal7lk6c27.net,1,ExtraHop/DGA-Detection-Training-Dataset,dga,3ba2sfal7lk6c27,15,dga_13_15
3bu0u83tg2mlqxq.org,1,ExtraHop/DGA-Detection-Training-Dataset,dga,3bu0u83tg2mlqxq,15,dga_13_15
3dcxw0e6y6ixirq.org,1,ExtraHop/DGA-Detection-Training-Dataset,dga,3dcxw0e6y6ixirq,15,dga_13_15
3fmnofwx1rijuds.net,1,ExtraHop/DGA-Detection-Training-Dataset,dga,3fmnofwx1rijuds,15,dga_13_15
3jk6s4k2ij7h5fg.net,1,ExtraHop/DGA-Detection-Training-Dataset,dga,3jk6s4k2ij7h5fg,15,dga_13_15
3jmng65pypybsbi.net,1,ExtraHop/DGA-Detection-Training-Dataset,dga,3jmng65pypybsbi,15,dga_13_15
3li8ob74o2uvu85.com,1,ExtraHop/DGA-Detection-Training-Dataset,dga,3li8ob74o2uvu85,15,dga_13_15
3tqpgdu6cry0y8u.com,1,ExtraHop/DGA-Detection-Training-Dataset,dga,3tqpgdu6cry0y8u,15,dga_13_15
3v1nabm4mhcbk8w.info,1,ExtraHop/DGA-Detection-Training-Dataset,dga,3v1nabm4mhcbk8w,15,dga_13_15
3varw4o8qla0klu.org,1,ExtraHop/DGA-Detection-Training-Dataset,dga,3varw4o8qla0klu,15,dga_13_15
3vgx3twdc870k4i.info,1,ExtraHop/DGA-Detection-Training-Dataset,dga,3vgx3twdc870k4i,15,dga_13_15
3vip30ehad3rs2c.com,1,ExtraHop/DGA-Detection-Training-Dataset,dga,3vip30ehad3rs2c,15,dga_13_15
4dtz9i9lcq3kug.net,1,ExtraHop/DGA-Detection-Training-Dataset,dga,4dtz9i9lcq3kug,14,dga_13_15
50cla43ru2u272e.net,1,ExtraHop/DGA-Detection-Training-Dataset,dga,50cla43ru2u272e,15,dga_13_15
52ab3j1xkxk8mbq.com,1,ExtraHop/DGA-Detection-Training-Dataset,dga,52ab3j1xkxk8mbq,15,dga_13_15
56wfs4s4mdk034s.org,1,ExtraHop/DGA-Detection-Training-Dataset,dga,56wfs4s4mdk034s,15,dga_13_15
5cpgeugfl4yzo.com,1,ExtraHop/DGA-Detection-Training-Dataset,dga,5cpgeugfl4yzo,13,dga_13_15
5dexchgn1jydapq.com,1,ExtraHop/DGA-Detection-Training-Dataset,dga,5dexchgn1jydapq,15,dga_13_15
5dkbe2avwbg4ij1.info,1,ExtraHop/DGA-Detection-Training-Dataset,dga,5dkbe2avwbg4ij1,15,dga_13_15
5fqdo6g2s27h52m.net,1,ExtraHop/DGA-Detection-Training-Dataset,dga,5fqdo6g2s27h52m,15,dga_13_15
5hi8alw87d5l7v7.com,1,ExtraHop/DGA-Detection-Training-Dataset,dga,5hi8alw87d5l7v7,15,dga_13_15
5jo4ifohk0s4uns.net,1,ExtraHop/DGA-Detection-Training-Dataset,dga,5jo4ifohk0s4uns,15,dga_13_15
5lkhg2m8mn34eje.info,1,ExtraHop/DGA-Detection-Training-Dataset,dga,5lkhg2m8mn34eje,15,dga_13_15
5lklgjcxyvcnadg.net,1,ExtraHop/DGA-Detection-Training-Dataset,dga,5lklgjcxyvcnadg,15,dga_13_15
5ls0w6ada4mpup7.net,1,ExtraHop/DGA-Detection-Training-Dataset,dga,5ls0w6ada4mpup7,15,dga_13_15
5nwr5tmruhgji0e.info,1,ExtraHop/DGA-Detection-Training-Dataset,dga,5nwr5tmruhgji0e,15,dga_13_15
5ted5tqp1nin7hw.net,1,ExtraHop/DGA-Detection-Training-Dataset,dga,5ted5tqp1nin7hw,15,dga_13_15
72q6el1ts2s0u4g.net,1,ExtraHop/DGA-Detection-Training-Dataset,dga,72q6el1ts2s0u4g,15,dga_13_15
74otcb52chc4iru.com,1,ExtraHop/DGA-Detection-Training-Dataset,dga,74otcb52chc4iru,15,dga_13_15
76367n1ly6361b3.com,1,ExtraHop/DGA-Detection-Training-Dataset,dga,76367n1ly6361b3,15,dga_13_15
76af5vi4ipwfobe.info,1,ExtraHop/DGA-Detection-Training-Dataset,dga,76af5vi4ipwfobe,15,dga_13_15
783dynqvqx567p5.com,1,ExtraHop/DGA-Detection-Training-Dataset,dga,783dynqvqx567p5,15,dga_13_15
7b7dwtgrk8qhm83.org,1,ExtraHop/DGA-Detection-Training-Dataset,dga,7b7dwtgrk8qhm83,15,dga_13_15
7fefglc230ipkta.com,1,ExtraHop/DGA-Detection-Training-Dataset,dga,7fefglc230ipkta,15,dga_13_15
7her3x32c2i23bu.net,1,ExtraHop/DGA-Detection-Training-Dataset,dga,7her3x32c2i23bu,15,dga_13_15
7horuv7js610i8s.org,1,ExtraHop/DGA-Detection-Training-Dataset,dga,7horuv7js610i8s,15,dga_13_15
7j76m6arkdqn1j3.com,1,ExtraHop/DGA-Detection-Training-Dataset,dga,7j76m6arkdqn1j3,15,dga_13_15
7jaxsjilyde4yho.com,1,ExtraHop/DGA-Detection-Training-Dataset,dga,7jaxsjilyde4yho,15,dga_13_15
7nedk0af3t78kva.org,1,ExtraHop/DGA-Detection-Training-Dataset,dga,7nedk0af3t78kva,15,dga_13_15
7ngxyn5nk4yj78e.com,1,ExtraHop/DGA-Detection-Training-Dataset,dga,7ngxyn5nk4yj78e,15,dga_13_15
7rulstclw8w0w0m.org,1,ExtraHop/DGA-Detection-Training-Dataset,dga,7rulstclw8w0w0m,15,dga_13_15
7vm8uhi0oretgrk.com,1,ExtraHop/DGA-Detection-Training-Dataset,dga,7vm8uhi0oretgrk,15,dga_13_15
7x3nsdkf74gtebu.com,1,ExtraHop/DGA-Detection-Training-Dataset,dga,7x3nsdkf74gtebu,15,dga_13_15
a0oh1jetc4ifghm.org,1,ExtraHop/DGA-Detection-Training-Dataset,dga,a0oh1jetc4ifghm,15,dga_13_15
a2kx307j70kb72a.com,1,ExtraHop/DGA-Detection-Training-Dataset,dga,a2kx307j70kb72a,15,dga_13_15
a6ejafmn3xejwhs.com,1,ExtraHop/DGA-Detection-Training-Dataset,dga,a6ejafmn3xejwhs,15,dga_13_15
aaaaiwimkqica.org,1,ExtraHop/DGA-Detection-Training-Dataset,dga,aaaaiwimkqica,13,dga_13_15
aacgyagyywyyk.org,1,ExtraHop/DGA-Detection-Training-Dataset,dga,aacgyagyywyyk,13,dga_13_15
aaikmvqknwjmv.org,1,ExtraHop/DGA-Detection-Training-Dataset,dga,aaikmvqknwjmv,13,dga_13_15
aakssikugaaqg.net,1,ExtraHop/DGA-Detection-Training-Dataset,dga,aakssikugaaqg,13,dga_13_15
aaseakkwgomoowc.org,1,ExtraHop/DGA-Detection-Training-Dataset,dga,aaseakkwgomoowc,15,dga_13_15
aaukieowmuwkkym.org,1,ExtraHop/DGA-Detection-Training-Dataset,dga,aaukieowmuwkkym,15,dga_13_15
aauouimqokycc.net,1,ExtraHop/DGA-Detection-Training-Dataset,dga,aauouimqokycc,13,dga_13_15
aayemyscssgquei.info,1,ExtraHop/DGA-Detection-Training-Dataset,dga,aayemyscssgquei,15,dga_13_15
aaysmqeuamswgi.net,1,ExtraHop/DGA-Detection-Training-Dataset,dga,aaysmqeuamswgi,14,dga_13_15
ac5p5rs1xshupg.org,1,ExtraHop/DGA-Detection-Training-Dataset,dga,ac5p5rs1xshupg,14,dga_13_15
adsx1t10udu8cxu.net,1,ExtraHop/DGA-Detection-Training-Dataset,dga,adsx1t10udu8cxu,15,dga_13_15
adude0wror5678m.info,1,ExtraHop/DGA-Detection-Training-Dataset,dga,adude0wror5678m,15,dga_13_15
aewqlkqbemcmhs.com,1,ExtraHop/DGA-Detection-Training-Dataset,dga,aewqlkqbemcmhs,14,dga_13_15
afvntqemoqhopxd.info,1,ExtraHop/DGA-Detection-Training-Dataset,dga,afvntqemoqhopxd,15,dga_13_15
ageoigegkgprdav.info,1,ExtraHop/DGA-Detection-Training-Dataset,dga,ageoigegkgprdav,15,dga_13_15
ah5fgrcj5vyn5dg.net,1,ExtraHop/DGA-Detection-Training-Dataset,dga,ah5fgrcj5vyn5dg,15,dga_13_15
ahfmujjkptepp.com,1,ExtraHop/DGA-Detection-Training-Dataset,dga,ahfmujjkptepp,13,dga_13_15
aiweowelcamino.info,1,ExtraHop/DGA-Detection-Training-Dataset,dga,aiweowelcamino,14,dga_13_15
ajsibqxfeoysbpx.com,1,ExtraHop/DGA-Detection-Training-Dataset,dga,ajsibqxfeoysbpx,15,dga_13_15
ajutgn5jgf10qvo.net,1,ExtraHop/DGA-Detection-Training-Dataset,dga,ajutgn5jgf10qvo,15,dga_13_15
akrskcheverolet.org,1,ExtraHop/DGA-Detection-Training-Dataset,dga,akrskcheverolet,15,dga_13_15
alagmdjyliemfd.com,1,ExtraHop/DGA-Detection-Training-Dataset,dga,alagmdjyliemfd,14,dga_13_15
alc8a6c6upwl5jk.com,1,ExtraHop/DGA-Detection-Training-Dataset,dga,alc8a6c6upwl5jk,15,dga_13_15
algayvxctlqecl.info,1,ExtraHop/DGA-Detection-Training-Dataset,dga,algayvxctlqecl,14,dga_13_15
almdqfirgv3fabu.info,1,ExtraHop/DGA-Detection-Training-Dataset,dga,almdqfirgv3fabu,15,dga_13_15
alsxm0arwfuha2m.info,1,ExtraHop/DGA-Detection-Training-Dataset,dga,alsxm0arwfuha2m,15,dga_13_15
ar5bepip367tqra.info,1,ExtraHop/DGA-Detection-Training-Dataset,dga,ar5bepip367tqra,15,dga_13_15
aspucmublkhexnf.info,1,ExtraHop/DGA-Detection-Training-Dataset,dga,aspucmublkhexnf,15,dga_13_15
auspwsspgrkgtr.net,1,ExtraHop/DGA-Detection-Training-Dataset,dga,auspwsspgrkgtr,14,dga_13_15
ava83rm4wbinm0m.info,1,ExtraHop/DGA-Detection-Training-Dataset,dga,ava83rm4wbinm0m,15,dga_13_15
awvtxoolqbufzbk.org,1,ExtraHop/DGA-Detection-Training-Dataset,dga,awvtxoolqbufzbk,15,dga_13_15
aziornouukkrc.com,1,ExtraHop/DGA-Detection-Training-Dataset,dga,aziornouukkrc,13,dga_13_15
bbteclzlvxbrm.net,1,ExtraHop/DGA-Detection-Training-Dataset,dga,bbteclzlvxbrm,13,dga_13_15
bbzsdgygusptqlb.info,1,ExtraHop/DGA-Detection-Training-Dataset,dga,bbzsdgygusptqlb,15,dga_13_15
bdfepartbulkyf.net,1,ExtraHop/DGA-Detection-Training-Dataset,dga,bdfepartbulkyf,14,dga_13_15
betwkxqarioumot.org,1,ExtraHop/DGA-Detection-Training-Dataset,dga,betwkxqarioumot,15,dga_13_15
bicnualkqqbooc.com,1,ExtraHop/DGA-Detection-Training-Dataset,dga,bicnualkqqbooc,14,dga_13_15
bkdigspbfaxthy.com,1,ExtraHop/DGA-Detection-Training-Dataset,dga,bkdigspbfaxthy,14,dga_13_15
bklrmnlpqouuhu.org,1,ExtraHop/DGA-Detection-Training-Dataset,dga,bklrmnlpqouuhu,14,dga_13_15
bkudukirjluaioh.info,1,ExtraHop/DGA-Detection-Training-Dataset,dga,bkudukirjluaioh,15,dga_13_15
bldebplxpfjajsa.org,1,ExtraHop/DGA-Detection-Training-Dataset,dga,bldebplxpfjajsa,15,dga_13_15
bnyranbdewrto.com,1,ExtraHop/DGA-Detection-Training-Dataset,dga,bnyranbdewrto,13,dga_13_15
bpacsrjqbyriiqb.com,1,ExtraHop/DGA-Detection-Training-Dataset,dga,bpacsrjqbyriiqb,15,dga_13_15
brelpopaogxvkv.info,1,ExtraHop/DGA-Detection-Training-Dataset,dga,brelpopaogxvkv,14,dga_13_15
brntoaplocmjnh.org,1,ExtraHop/DGA-Detection-Training-Dataset,dga,brntoaplocmjnh,14,dga_13_15
bsocjyodlrdss.net,1,ExtraHop/DGA-Detection-Training-Dataset,dga,bsocjyodlrdss,13,dga_13_15
bsyptcpujjqev.com,1,ExtraHop/DGA-Detection-Training-Dataset,dga,bsyptcpujjqev,13,dga_13_15
busggcdhldesbhm.info,1,ExtraHop/DGA-Detection-Training-Dataset,dga,busggcdhldesbhm,15,dga_13_15
bvqtvmikhsbypm.info,1,ExtraHop/DGA-Detection-Training-Dataset,dga,bvqtvmikhsbypm,14,dga_13_15
bwxqzcurtffbdn.net,1,ExtraHop/DGA-Detection-Training-Dataset,dga,bwxqzcurtffbdn,14,dga_13_15
c0103bu6mfot1lw.info,1,ExtraHop/DGA-Detection-Training-Dataset,dga,c0103bu6mfot1lw,15,dga_13_15
c0cx3j5rmfgrox5.com,1,ExtraHop/DGA-Detection-Training-Dataset,dga,c0cx3j5rmfgrox5,15,dga_13_15
c0gngx3dsvqlu6c.org,1,ExtraHop/DGA-Detection-Training-Dataset,dga,c0gngx3dsvqlu6c,15,dga_13_15
c2g2shud7ty8cpq.net,1,ExtraHop/DGA-Detection-Training-Dataset,dga,c2g2shud7ty8cpq,15,dga_13_15
c8ete01fejq2ev1.net,1,ExtraHop/DGA-Detection-Training-Dataset,dga,c8ete01fejq2ev1,15,dga_13_15
c8yrkn727vidsl7.org,1,ExtraHop/DGA-Detection-Training-Dataset,dga,c8yrkn727vidsl7,15,dga_13_15
cb3nqf3h1hytqpa.org,1,ExtraHop/DGA-Detection-Training-Dataset,dga,cb3nqf3h1hytqpa,15,dga_13_15
cbivwdghgbgokc.com,1,ExtraHop/DGA-Detection-Training-Dataset,dga,cbivwdghgbgokc,14,dga_13_15
cdgnurk81l5vixq.org,1,ExtraHop/DGA-Detection-Training-Dataset,dga,cdgnurk81l5vixq,15,dga_13_15
cdovufepa2sbate.info,1,ExtraHop/DGA-Detection-Training-Dataset,dga,cdovufepa2sbate,15,dga_13_15
ceeckiqekqiuui.com,1,ExtraHop/DGA-Detection-Training-Dataset,dga,ceeckiqekqiuui,14,dga_13_15
ceeiyiaieaeyoim.net,1,ExtraHop/DGA-Detection-Training-Dataset,dga,ceeiyiaieaeyoim,15,dga_13_15
ceemaceyaswgs.net,1,ExtraHop/DGA-Detection-Training-Dataset,dga,ceemaceyaswgs,13,dga_13_15
ceiqgmaywaamqgw.net,1,ExtraHop/DGA-Detection-Training-Dataset,dga,ceiqgmaywaamqgw,15,dga_13_15
cekwcmsqccicqg.info,1,ExtraHop/DGA-Detection-Training-Dataset,dga,cekwcmsqccicqg,14,dga_13_15
cemayeiuguowia.net,1,ExtraHop/DGA-Detection-Training-Dataset,dga,cemayeiuguowia,14,dga_13_15
cemsyuwqcwoagw.info,1,ExtraHop/DGA-Detection-Training-Dataset,dga,cemsyuwqcwoagw,14,dga_13_15
cemysseymkies.info,1,ExtraHop/DGA-Detection-Training-Dataset,dga,cemysseymkies,13,dga_13_15
ceookqcymiwwqy.org,1,ExtraHop/DGA-Detection-Training-Dataset,dga,ceookqcymiwwqy,14,dga_13_15
ceqkyssokmqyueo.org,1,ExtraHop/DGA-Detection-Training-Dataset,dga,ceqkyssokmqyueo,15,dga_13_15
ceusequmwysccs.net,1,ExtraHop/DGA-Detection-Training-Dataset,dga,ceusequmwysccs,14,dga_13_15
cfqvkdsylpybueh.info,1,ExtraHop/DGA-Detection-Training-Dataset,dga,cfqvkdsylpybueh,15,dga_13_15
cfy4u4svifafw61.net,1,ExtraHop/DGA-Detection-Training-Dataset,dga,cfy4u4svifafw61,15,dga_13_15
cgfjorcajanunal.org,1,ExtraHop/DGA-Detection-Training-Dataset,dga,cgfjorcajanunal,15,dga_13_15
cihyfomucezagi.info,1,ExtraHop/DGA-Detection-Training-Dataset,dga,cihyfomucezagi,14,dga_13_15
cihynikocegego.net,1,ExtraHop/DGA-Detection-Training-Dataset,dga,cihynikocegego,14,dga_13_15
cikilebmw330i.net,1,ExtraHop/DGA-Detection-Training-Dataset,dga,cikilebmw330i,13,dga_13_15
ciqycumucajagy.org,1,ExtraHop/DGA-Detection-Training-Dataset,dga,ciqycumucajagy,14,dga_13_15
ciqyqococaziga.org,1,ExtraHop/DGA-Detection-Training-Dataset,dga,ciqyqococaziga,14,dga_13_15
cityneticirygy.org,1,ExtraHop/DGA-Detection-Training-Dataset,dga,cityneticirygy,14,dga_13_15
cixpdwnfmtscocr.org,1,ExtraHop/DGA-Detection-Training-Dataset,dga,cixpdwnfmtscocr,15,dga_13_15
cjkxapoburibmxa.org,1,ExtraHop/DGA-Detection-Training-Dataset,dga,cjkxapoburibmxa,15,dga_13_15
cjqv76sxi8wjkdu.org,1,ExtraHop/DGA-Detection-Training-Dataset,dga,cjqv76sxi8wjkdu,15,dga_13_15
cldnbffedirja.com,1,ExtraHop/DGA-Detection-Training-Dataset,dga,cldnbffedirja,13,dga_13_15
cneefoqmpuczymx.com,1,ExtraHop/DGA-Detection-Training-Dataset,dga,cneefoqmpuczymx,15,dga_13_15
cnwj7bktg0q0o4i.net,1,ExtraHop/DGA-Detection-Training-Dataset,dga,cnwj7bktg0q0o4i,15,dga_13_15
coovanarianaqh.com,1,ExtraHop/DGA-Detection-Training-Dataset,dga,coovanarianaqh,14,dga_13_15
cpgxady21r1tsts.info,1,ExtraHop/DGA-Detection-Training-Dataset,dga,cpgxady21r1tsts,15,dga_13_15
cppocuiixxkqlja.info,1,ExtraHop/DGA-Detection-Training-Dataset,dga,cppocuiixxkqlja,15,dga_13_15
cpq8mfexmv1vepw.com,1,ExtraHop/DGA-Detection-Training-Dataset,dga,cpq8mfexmv1vepw,15,dga_13_15
cr1nifwb78ux3jg.info,1,ExtraHop/DGA-Detection-Training-Dataset,dga,cr1nifwb78ux3jg,15,dga_13_15
crmtututc6u2cdm.com,1,ExtraHop/DGA-Detection-Training-Dataset,dga,crmtututc6u2cdm,15,dga_13_15
csjqgghoejfcg.info,1,ExtraHop/DGA-Detection-Training-Dataset,dga,csjqgghoejfcg,13,dga_13_15
ctrboogcsoncai.info,1,ExtraHop/DGA-Detection-Training-Dataset,dga,ctrboogcsoncai,14,dga_13_15
ctsqmdhplsaft.org,1,ExtraHop/DGA-Detection-Training-Dataset,dga,ctsqmdhplsaft,13,dga_13_15
cusaowelcamino.net,1,ExtraHop/DGA-Detection-Training-Dataset,dga,cusaowelcamino,14,dga_13_15
cxatq4udehk8ixi.org,1,ExtraHop/DGA-Detection-Training-Dataset,dga,cxatq4udehk8ixi,15,dga_13_15
cxqxbphbdqdxuw.net,1,ExtraHop/DGA-Detection-Training-Dataset,dga,cxqxbphbdqdxuw,14,dga_13_15
cygijnisltqbsfu.org,1,ExtraHop/DGA-Detection-Training-Dataset,dga,cygijnisltqbsfu,15,dga_13_15
ddswkwfborjkb.net,1,ExtraHop/DGA-Detection-Training-Dataset,dga,ddswkwfborjkb,13,dga_13_15
dflskcheverolet.info,1,ExtraHop/DGA-Detection-Training-Dataset,dga,dflskcheverolet,15,dga_13_15
dfpqcpcvjbzzkp.net,1,ExtraHop/DGA-Detection-Training-Dataset,dga,dfpqcpcvjbzzkp,14,dga_13_15
dgymhmqpbbnxyur.org,1,ExtraHop/DGA-Detection-Training-Dataset,dga,dgymhmqpbbnxyur,15,dga_13_15
djjyecvpcpjnxth.info,1,ExtraHop/DGA-Detection-Training-Dataset,dga,djjyecvpcpjnxth,15,dga_13_15
dmnbuvvuhqbyw.org,1,ExtraHop/DGA-Detection-Training-Dataset,dga,dmnbuvvuhqbyw,13,dga_13_15
dogppvihvjhfp.net,1,ExtraHop/DGA-Detection-Training-Dataset,dga,dogppvihvjhfp,13,dga_13_15
dpkaawmrigrqtun.org,1,ExtraHop/DGA-Detection-Training-Dataset,dga,dpkaawmrigrqtun,15,dga_13_15
dqalpqojnhbwuyi.org,1,ExtraHop/DGA-Detection-Training-Dataset,dga,dqalpqojnhbwuyi,15,dga_13_15
drisowelcamino.info,1,ExtraHop/DGA-Detection-Training-Dataset,dga,drisowelcamino,14,dga_13_15
drnzbelaonuouk.org,1,ExtraHop/DGA-Detection-Training-Dataset,dga,drnzbelaonuouk,14,dga_13_15
dsmvlxkyrwevii.org,1,ExtraHop/DGA-Detection-Training-Dataset,dga,dsmvlxkyrwevii,14,dga_13_15
dticorcajanunal.com,1,ExtraHop/DGA-Detection-Training-Dataset,dga,dticorcajanunal,15,dga_13_15
dugtsmvptbfmq.org,1,ExtraHop/DGA-Detection-Training-Dataset,dga,dugtsmvptbfmq,13,dga_13_15
dveslssdokwhh.com,1,ExtraHop/DGA-Detection-Training-Dataset,dga,dveslssdokwhh,13,dga_13_15
dvoersensinaix.com,1,ExtraHop/DGA-Detection-Training-Dataset,dga,dvoersensinaix,14,dga_13_15
dvxtpartbulkyf.org,1,ExtraHop/DGA-Detection-Training-Dataset,dga,dvxtpartbulkyf,14,dga_13_15
dxdatntqyqrfsn.info,1,ExtraHop/DGA-Detection-Training-Dataset,dga,dxdatntqyqrfsn,14,dga_13_15
e0kn1fsbsl1f7ns.org,1,ExtraHop/DGA-Detection-Training-Dataset,dga,e0kn1fsbsl1f7ns,15,dga_13_15
e636w63t14kdwte.net,1,ExtraHop/DGA-Detection-Training-Dataset,dga,e636w63t14kdwte,15,dga_13_15
eazpenhancedysb.net,1,ExtraHop/DGA-Detection-Training-Dataset,dga,eazpenhancedysb,15,dga_13_15
ebyx10epelu8y2e.org,1,ExtraHop/DGA-Detection-Training-Dataset,dga,ebyx10epelu8y2e,15,dga_13_15
ecwsargsswhhxv.org,1,ExtraHop/DGA-Detection-Training-Dataset,dga,ecwsargsswhhxv,14,dga_13_15
edgfaju4k4urujg.info,1,ExtraHop/DGA-Detection-Training-Dataset,dga,edgfaju4k4urujg,15,dga_13_15
edknsjmhy6s03d5.net,1,ExtraHop/DGA-Detection-Training-Dataset,dga,edknsjmhy6s03d5,15,dga_13_15
edlctriijhsut.info,1,ExtraHop/DGA-Detection-Training-Dataset,dga,edlctriijhsut,13,dga_13_15
eeaommqiouhtew.org,1,ExtraHop/DGA-Detection-Training-Dataset,dga,eeaommqiouhtew,14,dga_13_15
eemguy9hsazokn.info,1,ExtraHop/DGA-Detection-Training-Dataset,dga,eemguy9hsazokn,14,dga_13_15
eendkcheverolet.info,1,ExtraHop/DGA-Detection-Training-Dataset,dga,eendkcheverolet,15,dga_13_15
eeuwpartbulkyf.com,1,ExtraHop/DGA-Detection-Training-Dataset,dga,eeuwpartbulkyf,14,dga_13_15
egegdnalatgis.info,1,ExtraHop/DGA-Detection-Training-Dataset,dga,egegdnalatgis,13,dga_13_15
egpeunoegacia.net,1,ExtraHop/DGA-Detection-Training-Dataset,dga,egpeunoegacia,13,dga_13_15
eiegowykqewee.info,1,ExtraHop/DGA-Detection-Training-Dataset,dga,eiegowykqewee,13,dga_13_15
eieqwaeacqiww.org,1,ExtraHop/DGA-Detection-Training-Dataset,dga,eieqwaeacqiww,13,dga_13_15
eiimmwmoaouwsyw.com,1,ExtraHop/DGA-Detection-Training-Dataset,dga,eiimmwmoaouwsyw,15,dga_13_15
eimmykqmcwewa.net,1,ExtraHop/DGA-Detection-Training-Dataset,dga,eimmykqmcwewa,13,dga_13_15
eiqekgooayaak.info,1,ExtraHop/DGA-Detection-Training-Dataset,dga,eiqekgooayaak,13,dga_13_15
eiseweomycgus.net,1,ExtraHop/DGA-Detection-Training-Dataset,dga,eiseweomycgus,13,dga_13_15
eissamkckuuycau.com,1,ExtraHop/DGA-Detection-Training-Dataset,dga,eissamkckuuycau,15,dga_13_15
eiswmwqoqygsuks.org,1,ExtraHop/DGA-Detection-Training-Dataset,dga,eiswmwqoqygsuks,15,dga_13_15
eiuyywweqgoges.org,1,ExtraHop/DGA-Detection-Training-Dataset,dga,eiuyywweqgoges,14,dga_13_15
eiysgycswaycmg.net,1,ExtraHop/DGA-Detection-Training-Dataset,dga,eiysgycswaycmg,14,dga_13_15
ejy6wrqhu4e6gbi.org,1,ExtraHop/DGA-Detection-Training-Dataset,dga,ejy6wrqhu4e6gbi,15,dga_13_15
ekptfxmquanae.net,1,ExtraHop/DGA-Detection-Training-Dataset,dga,ekptfxmquanae,13,dga_13_15
elkvkhs27pwpujo.info,1,ExtraHop/DGA-Detection-Training-Dataset,dga,elkvkhs27pwpujo,15,dga_13_15
elpchhkdfxnqn.info,1,ExtraHop/DGA-Detection-Training-Dataset,dga,elpchhkdfxnqn,13,dga_13_15
emhjrglmuupqmt.net,1,ExtraHop/DGA-Detection-Training-Dataset,dga,emhjrglmuupqmt,14,dga_13_15
eonqlpqrnwdkc.net,1,ExtraHop/DGA-Detection-Training-Dataset,dga,eonqlpqrnwdkc,13,dga_13_15
eooxoqveuqcajcl.org,1,ExtraHop/DGA-Detection-Training-Dataset,dga,eooxoqveuqcajcl,15,dga_13_15
epgvslclcfcpy4o.net,1,ExtraHop/DGA-Detection-Training-Dataset,dga,epgvslclcfcpy4o,15,dga_13_15
er1f1pq8q6crqry.org,1,ExtraHop/DGA-Detection-Training-Dataset,dga,er1f1pq8q6crqry,15,dga_13_15
evynyjkhmfmfsvg.org,1,ExtraHop/DGA-Detection-Training-Dataset,dga,evynyjkhmfmfsvg,15,dga_13_15
ewhdbyplaywobb.info,1,ExtraHop/DGA-Detection-Training-Dataset,dga,ewhdbyplaywobb,14,dga_13_15
extjquglmhsqdm.org,1,ExtraHop/DGA-Detection-Training-Dataset,dga,extjquglmhsqdm,14,dga_13_15
eymwlrwvrkymvsg.com,1,ExtraHop/DGA-Detection-Training-Dataset,dga,eymwlrwvrkymvsg,15,dga_13_15
ezgmvqnelsohj.net,1,ExtraHop/DGA-Detection-Training-Dataset,dga,ezgmvqnelsohj,13,dga_13_15
ezgyvwaahcdefri.net,1,ExtraHop/DGA-Detection-Training-Dataset,dga,ezgyvwaahcdefri,15,dga_13_15
f3jimzd9zqdfmj.org,1,ExtraHop/DGA-Detection-Training-Dataset,dga,f3jimzd9zqdfmj,14,dga_13_15
faguzweimuaadnx.org,1,ExtraHop/DGA-Detection-Training-Dataset,dga,faguzweimuaadnx,15,dga_13_15
faqmoptssvjoif.net,1,ExtraHop/DGA-Detection-Training-Dataset,dga,faqmoptssvjoif,14,dga_13_15
faqtlobgejzey.info,1,ExtraHop/DGA-Detection-Training-Dataset,dga,faqtlobgejzey,13,dga_13_15
fcdacwkkjiyyce.org,1,ExtraHop/DGA-Detection-Training-Dataset,dga,fcdacwkkjiyyce,14,dga_13_15
fefwnagtxgetnr.net,1,ExtraHop/DGA-Detection-Training-Dataset,dga,fefwnagtxgetnr,14,dga_13_15
fhfuvhkvzcysyy.com,1,ExtraHop/DGA-Detection-Training-Dataset,dga,fhfuvhkvzcysyy,14,dga_13_15
fhukmggkcgjsq.info,1,ExtraHop/DGA-Detection-Training-Dataset,dga,fhukmggkcgjsq,13,dga_13_15
fhxnbyplaywobb.net,1,ExtraHop/DGA-Detection-Training-Dataset,dga,fhxnbyplaywobb,14,dga_13_15
fjerlebmw330i.net,1,ExtraHop/DGA-Detection-Training-Dataset,dga,fjerlebmw330i,13,dga_13_15
fjxwpebdlqgflcw.net,1,ExtraHop/DGA-Detection-Training-Dataset,dga,fjxwpebdlqgflcw,15,dga_13_15
fmgscmtcxrjajts.com,1,ExtraHop/DGA-Detection-Training-Dataset,dga,fmgscmtcxrjajts,15,dga_13_15
fmlravavpjryrb.info,1,ExtraHop/DGA-Detection-Training-Dataset,dga,fmlravavpjryrb,14,dga_13_15
fobyhibemebovo.com,1,ExtraHop/DGA-Detection-Training-Dataset,dga,fobyhibemebovo,14,dga_13_15
fobynubumegovo.info,1,ExtraHop/DGA-Detection-Training-Dataset,dga,fobynubumegovo,14,dga_13_15
foguviocxppgamc.com,1,ExtraHop/DGA-Detection-Training-Dataset,dga,foguviocxppgamc,15,dga_13_15
fogynehumatavo.org,1,ExtraHop/DGA-Detection-Training-Dataset,dga,fogynehumatavo,14,dga_13_15
fogyrizumaluvu.net,1,ExtraHop/DGA-Detection-Training-Dataset,dga,fogyrizumaluvu,14,dga_13_15
fogyxizymaquvu.info,1,ExtraHop/DGA-Detection-Training-Dataset,dga,fogyxizymaquvu,14,dga_13_15
fokyrihamifavu.net,1,ExtraHop/DGA-Detection-Training-Dataset,dga,fokyrihamifavu,14,dga_13_15
foqylihumozava.info,1,ExtraHop/DGA-Detection-Training-Dataset,dga,foqylihumozava,14,dga_13_15
foqysohumoqavi.com,1,ExtraHop/DGA-Detection-Training-Dataset,dga,foqysohumoqavi,14,dga_13_15
foqytosomomivi.net,1,ExtraHop/DGA-Detection-Training-Dataset,dga,foqytosomomivi,14,dga_13_15
forgetclothes.net,1,ExtraHop/DGA-Detection-Training-Dataset,dga,forgetclothes,13,dga_13_15
fotylesymidivu.net,1,ExtraHop/DGA-Detection-Training-Dataset,dga,fotylesymidivu,14,dga_13_15
fpkjjtkiiczpy.net,1,ExtraHop/DGA-Detection-Training-Dataset,dga,fpkjjtkiiczpy,13,dga_13_15
fqtumibxbcvvqy.net,1,ExtraHop/DGA-Detection-Training-Dataset,dga,fqtumibxbcvvqy,14,dga_13_15
frtarbfavaakm.org,1,ExtraHop/DGA-Detection-Training-Dataset,dga,frtarbfavaakm,13,dga_13_15
ftcgvnxlaqlaa.net,1,ExtraHop/DGA-Detection-Training-Dataset,dga,ftcgvnxlaqlaa,13,dga_13_15
fvuvauylppwwyi.info,1,ExtraHop/DGA-Detection-Training-Dataset,dga,fvuvauylppwwyi,14,dga_13_15
fwltndpafemle.net,1,ExtraHop/DGA-Detection-Training-Dataset,dga,fwltndpafemle,13,dga_13_15
fwrquvykypdze.com,1,ExtraHop/DGA-Detection-Training-Dataset,dga,fwrquvykypdze,13,dga_13_15
fyqxeelbcgkwnbd.info,1,ExtraHop/DGA-Detection-Training-Dataset,dga,fyqxeelbcgkwnbd,15,dga_13_15
fzhklebmw330i.net,1,ExtraHop/DGA-Detection-Training-Dataset,dga,fzhklebmw330i,13,dga_13_15
fzzqbyplaywobb.com,1,ExtraHop/DGA-Detection-Training-Dataset,dga,fzzqbyplaywobb,14,dga_13_15
g0efkdwfkdavc8e.net,1,ExtraHop/DGA-Detection-Training-Dataset,dga,g0efkdwfkdavc8e,15,dga_13_15
g0g4qjmxg2ansfa.com,1,ExtraHop/DGA-Detection-Training-Dataset,dga,g0g4qjmxg2ansfa,15,dga_13_15
g2w2o4g8sxktshu.info,1,ExtraHop/DGA-Detection-Training-Dataset,dga,g2w2o4g8sxktshu,15,dga_13_15
g2wf3lmfobu0a45.net,1,ExtraHop/DGA-Detection-Training-Dataset,dga,g2wf3lmfobu0a45,15,dga_13_15
g2ybatkv1divoxe.org,1,ExtraHop/DGA-Detection-Training-Dataset,dga,g2ybatkv1divoxe,15,dga_13_15
g41no0gj1j1d5bc.net,1,ExtraHop/DGA-Detection-Training-Dataset,dga,g41no0gj1j1d5bc,15,dga_13_15
g4srixcna4c8wnw.net,1,ExtraHop/DGA-Detection-Training-Dataset,dga,g4srixcna4c8wnw,15,dga_13_15
g6st3lgdwlmtep1.com,1,ExtraHop/DGA-Detection-Training-Dataset,dga,g6st3lgdwlmtep1,15,dga_13_15
gabozysypuwis.net,1,ExtraHop/DGA-Detection-Training-Dataset,dga,gabozysypuwis,13,dga_13_15
gacoqobipovos.net,1,ExtraHop/DGA-Detection-Training-Dataset,dga,gacoqobipovos,13,dga_13_15
gadoruzupinus.info,1,ExtraHop/DGA-Detection-Training-Dataset,dga,gadoruzupinus,13,dga_13_15
gasmovshwyduoa.com,1,ExtraHop/DGA-Detection-Training-Dataset,dga,gasmovshwyduoa,14,dga_13_15
gcaofwmmzhmshjg.info,1,ExtraHop/DGA-Detection-Training-Dataset,dga,gcaofwmmzhmshjg,15,dga_13_15
gcaqrgpapkvdnv.com,1,ExtraHop/DGA-Detection-Training-Dataset,dga,gcaqrgpapkvdnv,14,dga_13_15
geelcrltmdecro.net,1,ExtraHop/DGA-Detection-Training-Dataset,dga,geelcrltmdecro,14,dga_13_15
gf1bmvups0yf583.com,1,ExtraHop/DGA-Detection-Training-Dataset,dga,gf1bmvups0yf583,15,dga_13_15
gfncghstybaap.com,1,ExtraHop/DGA-Detection-Training-Dataset,dga,gfncghstybaap,13,dga_13_15
gfsdopgtgn30a03.org,1,ExtraHop/DGA-Detection-Training-Dataset,dga,gfsdopgtgn30a03,15,dga_13_15
gfulimsywhgqv.com,1,ExtraHop/DGA-Detection-Training-Dataset,dga,gfulimsywhgqv,13,dga_13_15
ggqxdaxmvdaky.com,1,ExtraHop/DGA-Detection-Training-Dataset,dga,ggqxdaxmvdaky,13,dga_13_15
ghfkypgdioadt.org,1,ExtraHop/DGA-Detection-Training-Dataset,dga,ghfkypgdioadt,13,dga_13_15
ghwdoh1hofwfe8q.net,1,ExtraHop/DGA-Detection-Training-Dataset,dga,ghwdoh1hofwfe8q,15,dga_13_15
gikorsensinaix.org,1,ExtraHop/DGA-Detection-Training-Dataset,dga,gikorsensinaix,14,dga_13_15
gjcrfbgarceeia.info,1,ExtraHop/DGA-Detection-Training-Dataset,dga,gjcrfbgarceeia,14,dga_13_15
gjjgrnbkowfybs.info,1,ExtraHop/DGA-Detection-Training-Dataset,dga,gjjgrnbkowfybs,14,dga_13_15
gleulgjqfntas.com,1,ExtraHop/DGA-Detection-Training-Dataset,dga,gleulgjqfntas,13,dga_13_15
glljklxiyanyju.org,1,ExtraHop/DGA-Detection-Training-Dataset,dga,glljklxiyanyju,14,dga_13_15
gmaksoogqoeyi.com,1,ExtraHop/DGA-Detection-Training-Dataset,dga,gmaksoogqoeyi,13,dga_13_15
gmaqyawuoauiyos.net,1,ExtraHop/DGA-Detection-Training-Dataset,dga,gmaqyawuoauiyos,15,dga_13_15
gmassimkmmsiuws.net,1,ExtraHop/DGA-Detection-Training-Dataset,dga,gmassimkmmsiuws,15,dga_13_15
gmawyogyouuuumo.net,1,ExtraHop/DGA-Detection-Training-Dataset,dga,gmawyogyouuuumo,15,dga_13_15
gmeuwcumeoqascg.net,1,ExtraHop/DGA-Detection-Training-Dataset,dga,gmeuwcumeoqascg,15,dga_13_15
gmiwqqimgoqum.com,1,ExtraHop/DGA-Detection-Training-Dataset,dga,gmiwqqimgoqum,13,dga_13_15
gmklnmuufmhpr.com,1,ExtraHop/DGA-Detection-Training-Dataset,dga,gmklnmuufmhpr,13,dga_13_15
gmmegqqmoqkwigu.info,1,ExtraHop/DGA-Detection-Training-Dataset,dga,gmmegqqmoqkwigu,15,dga_13_15
gmoggcaumsyem.org,1,ExtraHop/DGA-Detection-Training-Dataset,dga,gmoggcaumsyem,13,dga_13_15
gmoqiygsasseoyu.info,1,ExtraHop/DGA-Detection-Training-Dataset,dga,gmoqiygsasseoyu,15,dga_13_15
gmugiguawswgsg.org,1,ExtraHop/DGA-Detection-Training-Dataset,dga,gmugiguawswgsg,14,dga_13_15
gmyllfecfbftrn.com,1,ExtraHop/DGA-Detection-Training-Dataset,dga,gmyllfecfbftrn,14,dga_13_15
gni4eb787fo6o0e.org,1,ExtraHop/DGA-Detection-Training-Dataset,dga,gni4eb787fo6o0e,15,dga_13_15
gnnvcavmrlnyh.net,1,ExtraHop/DGA-Detection-Training-Dataset,dga,gnnvcavmrlnyh,13,dga_13_15
gobuhewuvofeqyz.com,1,ExtraHop/DGA-Detection-Training-Dataset,dga,gobuhewuvofeqyz,15,dga_13_15
goduhezuvabuqaf.info,1,ExtraHop/DGA-Detection-Training-Dataset,dga,goduhezuvabuqaf,15,dga_13_15
godukehovataqeh.org,1,ExtraHop/DGA-Detection-Training-Dataset,dga,godukehovataqeh,15,dga_13_15
goduqubavazoqyk.net,1,ExtraHop/DGA-Detection-Training-Dataset,dga,goduqubavazoqyk,15,dga_13_15
gohususyvihiqav.com,1,ExtraHop/DGA-Detection-Training-Dataset,dga,gohususyvihiqav,15,dga_13_15
goifhdjveekut.com,1,ExtraHop/DGA-Detection-Training-Dataset,dga,goifhdjveekut,13,dga_13_15
golupusovuhiqak.net,1,ExtraHop/DGA-Detection-Training-Dataset,dga,golupusovuhiqak,15,dga_13_15
gqiarsensinaix.info,1,ExtraHop/DGA-Detection-Training-Dataset,dga,gqiarsensinaix,14,dga_13_15
gqsnlrqlxxckhvn.info,1,ExtraHop/DGA-Detection-Training-Dataset,dga,gqsnlrqlxxckhvn,15,dga_13_15
grmxk4cjg2mjyrm.info,1,ExtraHop/DGA-Detection-Training-Dataset,dga,grmxk4cjg2mjyrm,15,dga_13_15
gslyenhancedysb.com,1,ExtraHop/DGA-Detection-Training-Dataset,dga,gslyenhancedysb,15,dga_13_15
gt32u6u23d10sj5.org,1,ExtraHop/DGA-Detection-Training-Dataset,dga,gt32u6u23d10sj5,15,dga_13_15
gtavwdedg27t52u.org,1,ExtraHop/DGA-Detection-Training-Dataset,dga,gtavwdedg27t52u,15,dga_13_15
gtydgtgf58w8wni.info,1,ExtraHop/DGA-Detection-Training-Dataset,dga,gtydgtgf58w8wni,15,dga_13_15
gtyoacmoubftfh.com,1,ExtraHop/DGA-Detection-Training-Dataset,dga,gtyoacmoubftfh,14,dga_13_15
gvcb7ngp3j5lcfu.com,1,ExtraHop/DGA-Detection-Training-Dataset,dga,gvcb7ngp3j5lcfu,15,dga_13_15
gvdwcycnyomemfm.net,1,ExtraHop/DGA-Detection-Training-Dataset,dga,gvdwcycnyomemfm,15,dga_13_15
gvq6uvwju672or7.info,1,ExtraHop/DGA-Detection-Training-Dataset,dga,gvq6uvwju672or7,15,dga_13_15
gvtaagxycgnxgw.com,1,ExtraHop/DGA-Detection-Training-Dataset,dga,gvtaagxycgnxgw,14,dga_13_15
gwbxbyplaywobb.net,1,ExtraHop/DGA-Detection-Training-Dataset,dga,gwbxbyplaywobb,14,dga_13_15
gwckrbrpknrtmpa.net,1,ExtraHop/DGA-Detection-Training-Dataset,dga,gwckrbrpknrtmpa,15,dga_13_15
gwpirwzxpnhsjge.com,1,ExtraHop/DGA-Detection-Training-Dataset,dga,gwpirwzxpnhsjge,15,dga_13_15
gxymtvynckqlu.org,1,ExtraHop/DGA-Detection-Training-Dataset,dga,gxymtvynckqlu,13,dga_13_15
gytvowelcamino.net,1,ExtraHop/DGA-Detection-Training-Dataset,dga,gytvowelcamino,14,dga_13_15
hbkbecgwirlktfx.net,1,ExtraHop/DGA-Detection-Training-Dataset,dga,hbkbecgwirlktfx,15,dga_13_15
hcrxoudihyeoyi.net,1,ExtraHop/DGA-Detection-Training-Dataset,dga,hcrxoudihyeoyi,14,dga_13_15
hdabypfrdvwke.net,1,ExtraHop/DGA-Detection-Training-Dataset,dga,hdabypfrdvwke,13,dga_13_15
hejsfiihjnrxedw.info,1,ExtraHop/DGA-Detection-Training-Dataset,dga,hejsfiihjnrxedw,15,dga_13_15
hjpyviwmkxrnyy.org,1,ExtraHop/DGA-Detection-Training-Dataset,dga,hjpyviwmkxrnyy,14,dga_13_15
hknpdmtjdmnakqa.org,1,ExtraHop/DGA-Detection-Training-Dataset,dga,hknpdmtjdmnakqa,15,dga_13_15
hkselbkddjyjkf.org,1,ExtraHop/DGA-Detection-Training-Dataset,dga,hkselbkddjyjkf,14,dga_13_15
hkwtajitqrweqln.info,1,ExtraHop/DGA-Detection-Training-Dataset,dga,hkwtajitqrweqln,15,dga_13_15
hlpibyplaywobb.net,1,ExtraHop/DGA-Detection-Training-Dataset,dga,hlpibyplaywobb,14,dga_13_15
hlrtsvkqhrtkncn.info,1,ExtraHop/DGA-Detection-Training-Dataset,dga,hlrtsvkqhrtkncn,15,dga_13_15
hlsihfcryimnds.com,1,ExtraHop/DGA-Detection-Training-Dataset,dga,hlsihfcryimnds,14,dga_13_15
hlvxfaoeinkjwp.net,1,ExtraHop/DGA-Detection-Training-Dataset,dga,hlvxfaoeinkjwp,14,dga_13_15
hnwrpkximtqcto.net,1,ExtraHop/DGA-Detection-Training-Dataset,dga,hnwrpkximtqcto,14,dga_13_15
hoxdngtsoxfhvlj.info,1,ExtraHop/DGA-Detection-Training-Dataset,dga,hoxdngtsoxfhvlj,15,dga_13_15
hppjrsensinaix.net,1,ExtraHop/DGA-Detection-Training-Dataset,dga,hppjrsensinaix,14,dga_13_15
hqajgmcalmpsn.com,1,ExtraHop/DGA-Detection-Training-Dataset,dga,hqajgmcalmpsn,13,dga_13_15
hscjesoskdwsw.com,1,ExtraHop/DGA-Detection-Training-Dataset,dga,hscjesoskdwsw,13,dga_13_15
htsthfvoprelf.info,1,ExtraHop/DGA-Detection-Training-Dataset,dga,htsthfvoprelf,13,dga_13_15
huppxdcaniukh.com,1,ExtraHop/DGA-Detection-Training-Dataset,dga,huppxdcaniukh,13,dga_13_15
huzhcytopngpn.net,1,ExtraHop/DGA-Detection-Training-Dataset,dga,huzhcytopngpn,13,dga_13_15
hwtknqrabnblgu.info,1,ExtraHop/DGA-Detection-Training-Dataset,dga,hwtknqrabnblgu,14,dga_13_15
hypycspkbzlirgn.com,1,ExtraHop/DGA-Detection-Training-Dataset,dga,hypycspkbzlirgn,15,dga_13_15
hzwsererwyatanb.org,1,ExtraHop/DGA-Detection-Training-Dataset,dga,hzwsererwyatanb,15,dga_13_15
i014o8s6m054m21.org,1,ExtraHop/DGA-Detection-Training-Dataset,dga,i014o8s6m054m21,15,dga_13_15
i4ufod7fslilsla.net,1,ExtraHop/DGA-Detection-Training-Dataset,dga,i4ufod7fslilsla,15,dga_13_15
i4w2yt705tq6eje.net,1,ExtraHop/DGA-Detection-Training-Dataset,dga,i4w2yt705tq6eje,15,dga_13_15
i8cp3lwxsjofsxa.info,1,ExtraHop/DGA-Detection-Training-Dataset,dga,i8cp3lwxsjofsxa,15,dga_13_15
ibfekmxiyswjinh.com,1,ExtraHop/DGA-Detection-Training-Dataset,dga,ibfekmxiyswjinh,15,dga_13_15
ibubqrygyatklv.net,1,ExtraHop/DGA-Detection-Training-Dataset,dga,ibubqrygyatklv,14,dga_13_15
icsclebmw330i.com,1,ExtraHop/DGA-Detection-Training-Dataset,dga,icsclebmw330i,13,dga_13_15
ieqdstztpydgcb.net,1,ExtraHop/DGA-Detection-Training-Dataset,dga,ieqdstztpydgcb,14,dga_13_15
iknnkandfield.info,1,ExtraHop/DGA-Detection-Training-Dataset,dga,iknnkandfield,13,dga_13_15
ilejqtohip1dmjo.net,1,ExtraHop/DGA-Detection-Training-Dataset,dga,ilejqtohip1dmjo,15,dga_13_15
ilgotcgtdfjwkfo.org,1,ExtraHop/DGA-Detection-Training-Dataset,dga,ilgotcgtdfjwkfo,15,dga_13_15
iluhg0cfstuxev7.com,1,ExtraHop/DGA-Detection-Training-Dataset,dga,iluhg0cfstuxev7,15,dga_13_15
imbsyacdcrcmku.com,1,ExtraHop/DGA-Detection-Training-Dataset,dga,imbsyacdcrcmku,14,dga_13_15
increasedinner.net,1,ExtraHop/DGA-Detection-Training-Dataset,dga,increasedinner,14,dga_13_15
increaseindeed.com,1,ExtraHop/DGA-Detection-Training-Dataset,dga,increaseindeed,14,dga_13_15
ioesogkhlvirax.info,1,ExtraHop/DGA-Detection-Training-Dataset,dga,ioesogkhlvirax,14,dga_13_15
ipgtah1v1tsvcvw.org,1,ExtraHop/DGA-Detection-Training-Dataset,dga,ipgtah1v1tsvcvw,15,dga_13_15
ipi8o6otkngxol7.com,1,ExtraHop/DGA-Detection-Training-Dataset,dga,ipi8o6otkngxol7,15,dga_13_15
ipsbo6a4eny078w.com,1,ExtraHop/DGA-Detection-Training-Dataset,dga,ipsbo6a4eny078w,15,dga_13_15
iqegcwmowkume.com,1,ExtraHop/DGA-Detection-Training-Dataset,dga,iqegcwmowkume,13,dga_13_15
iqekagsqoggqy.com,1,ExtraHop/DGA-Detection-Training-Dataset,dga,iqekagsqoggqy,13,dga_13_15
iqemcmouqeskc.info,1,ExtraHop/DGA-Detection-Training-Dataset,dga,iqemcmouqeskc,13,dga_13_15
iqgecoegaswom.org,1,ExtraHop/DGA-Detection-Training-Dataset,dga,iqgecoegaswom,13,dga_13_15
iqgswicoysmgy.info,1,ExtraHop/DGA-Detection-Training-Dataset,dga,iqgswicoysmgy,13,dga_13_15
iqmuawkaymsmu.net,1,ExtraHop/DGA-Detection-Training-Dataset,dga,iqmuawkaymsmu,13,dga_13_15
iqqgygkgugmywss.org,1,ExtraHop/DGA-Detection-Training-Dataset,dga,iqqgygkgugmywss,15,dga_13_15
iquacgwwwggkkmu.org,1,ExtraHop/DGA-Detection-Training-Dataset,dga,iquacgwwwggkkmu,15,dga_13_15
iquksmwmguyww.com,1,ExtraHop/DGA-Detection-Training-Dataset,dga,iquksmwmguyww,13,dga_13_15
iqwiecsqsioyys.net,1,ExtraHop/DGA-Detection-Training-Dataset,dga,iqwiecsqsioyys,14,dga_13_15
irxguwgzithcsb.info,1,ExtraHop/DGA-Detection-Training-Dataset,dga,irxguwgzithcsb,14,dga_13_15
it14361bynsrmhi.info,1,ExtraHop/DGA-Detection-Training-Dataset,dga,it14361bynsrmhi,15,dga_13_15
ittfyaxoptomc.info,1,ExtraHop/DGA-Detection-Training-Dataset,dga,ittfyaxoptomc,13,dga_13_15
iujcabntklwctbj.org,1,ExtraHop/DGA-Detection-Training-Dataset,dga,iujcabntklwctbj,15,dga_13_15
iuqyxgkvhirvclk.org,1,ExtraHop/DGA-Detection-Training-Dataset,dga,iuqyxgkvhirvclk,15,dga_13_15
ivmh5ncrsp7pcn3.org,1,ExtraHop/DGA-Detection-Training-Dataset,dga,ivmh5ncrsp7pcn3,15,dga_13_15
iwhwgmjyveoncd.com,1,ExtraHop/DGA-Detection-Training-Dataset,dga,iwhwgmjyveoncd,14,dga_13_15
iwqqudhxylemra.com,1,ExtraHop/DGA-Detection-Training-Dataset,dga,iwqqudhxylemra,14,dga_13_15
ixwnepax1r7js8c.info,1,ExtraHop/DGA-Detection-Training-Dataset,dga,ixwnepax1r7js8c,15,dga_13_15
iyzqixxnawjeo.info,1,ExtraHop/DGA-Detection-Training-Dataset,dga,iyzqixxnawjeo,13,dga_13_15
jbnwktoverjeo.net,1,ExtraHop/DGA-Detection-Training-Dataset,dga,jbnwktoverjeo,13,dga_13_15
jcattojveuzxlhz.info,1,ExtraHop/DGA-Detection-Training-Dataset,dga,jcattojveuzxlhz,15,dga_13_15
jctqtckhnaxivlt.net,1,ExtraHop/DGA-Detection-Training-Dataset,dga,jctqtckhnaxivlt,15,dga_13_15
jdcoojqvkygrft.com,1,ExtraHop/DGA-Detection-Training-Dataset,dga,jdcoojqvkygrft,14,dga_13_15
jenwbtuwhghvy.info,1,ExtraHop/DGA-Detection-Training-Dataset,dga,jenwbtuwhghvy,13,dga_13_15
jeoawwnbvqwrvu.org,1,ExtraHop/DGA-Detection-Training-Dataset,dga,jeoawwnbvqwrvu,14,dga_13_15
jfvewrfmpghhvcs.org,1,ExtraHop/DGA-Detection-Training-Dataset,dga,jfvewrfmpghhvcs,15,dga_13_15
jfykadfyqrdlxi.org,1,ExtraHop/DGA-Detection-Training-Dataset,dga,jfykadfyqrdlxi,14,dga_13_15
jhqhslgpwgegsi.info,1,ExtraHop/DGA-Detection-Training-Dataset,dga,jhqhslgpwgegsi,14,dga_13_15
jiskxjcfmvfmedo.com,1,ExtraHop/DGA-Detection-Training-Dataset,dga,jiskxjcfmvfmedo,15,dga_13_15
jjmkjbttwmmsxwq.info,1,ExtraHop/DGA-Detection-Training-Dataset,dga,jjmkjbttwmmsxwq,15,dga_13_15
jjowowelcamino.org,1,ExtraHop/DGA-Detection-Training-Dataset,dga,jjowowelcamino,14,dga_13_15
jjunhhbeoqucj.info,1,ExtraHop/DGA-Detection-Training-Dataset,dga,jjunhhbeoqucj,13,dga_13_15
jkdrxlhcewixc.com,1,ExtraHop/DGA-Detection-Training-Dataset,dga,jkdrxlhcewixc,13,dga_13_15
jkxyydtthtlvccf.info,1,ExtraHop/DGA-Detection-Training-Dataset,dga,jkxyydtthtlvccf,15,dga_13_15
jpfhkcheverolet.net,1,ExtraHop/DGA-Detection-Training-Dataset,dga,jpfhkcheverolet,15,dga_13_15
jrrzpartbulkyf.net,1,ExtraHop/DGA-Detection-Training-Dataset,dga,jrrzpartbulkyf,14,dga_13_15
jryrstcvsekstrr.org,1,ExtraHop/DGA-Detection-Training-Dataset,dga,jryrstcvsekstrr,15,dga_13_15
jsadepyexefwug.com,1,ExtraHop/DGA-Detection-Training-Dataset,dga,jsadepyexefwug,14,dga_13_15
jtgkhdlctconoe.info,1,ExtraHop/DGA-Detection-Training-Dataset,dga,jtgkhdlctconoe,14,dga_13_15
jurfbquqfwpbu.com,1,ExtraHop/DGA-Detection-Training-Dataset,dga,jurfbquqfwpbu,13,dga_13_15
jvdfdfxjpkspvep.net,1,ExtraHop/DGA-Detection-Training-Dataset,dga,jvdfdfxjpkspvep,15,dga_13_15
jvxoncwgsrfshsu.org,1,ExtraHop/DGA-Detection-Training-Dataset,dga,jvxoncwgsrfshsu,15,dga_13_15
jyxzrghtqqzjnvs.com,1,ExtraHop/DGA-Detection-Training-Dataset,dga,jyxzrghtqqzjnvs,15,dga_13_15
jzmuowelcamino.info,1,ExtraHop/DGA-Detection-Training-Dataset,dga,jzmuowelcamino,14,dga_13_15
k038u6yhchc2apu.info,1,ExtraHop/DGA-Detection-Training-Dataset,dga,k038u6yhchc2apu,15,dga_13_15
k076wlmb5878yvg.net,1,ExtraHop/DGA-Detection-Training-Dataset,dga,k076wlmb5878yvg,15,dga_13_15
k0yhwrwhcvy0ark.org,1,ExtraHop/DGA-Detection-Training-Dataset,dga,k0yhwrwhcvy0ark,15,dga_13_15
k61h7r3tk0q8mvo.com,1,ExtraHop/DGA-Detection-Training-Dataset,dga,k61h7r3tk0q8mvo,15,dga_13_15
k85rwx1no8srod3.com,1,ExtraHop/DGA-Detection-Training-Dataset,dga,k85rwx1no8srod3,15,dga_13_15
kchdynwdieafxd.info,1,ExtraHop/DGA-Detection-Training-Dataset,dga,kchdynwdieafxd,14,dga_13_15
kcnukcheverolet.com,1,ExtraHop/DGA-Detection-Training-Dataset,dga,kcnukcheverolet,15,dga_13_15
kdxapnibpzddh.info,1,ExtraHop/DGA-Detection-Training-Dataset,dga,kdxapnibpzddh,13,dga_13_15
kejygijyfupela.net,1,ExtraHop/DGA-Detection-Training-Dataset,dga,kejygijyfupela,14,dga_13_15
kejylyjufuneli.org,1,ExtraHop/DGA-Detection-Training-Dataset,dga,kejylyjufuneli,14,dga_13_15
kemytoryfijyle.com,1,ExtraHop/DGA-Detection-Training-Dataset,dga,kemytoryfijyle,14,dga_13_15
kemyxajafijelo.com,1,ExtraHop/DGA-Detection-Training-Dataset,dga,kemyxajafijelo,14,dga_13_15
kemyxexifikulo.com,1,ExtraHop/DGA-Detection-Training-Dataset,dga,kemyxexifikulo,14,dga_13_15
kerygyxofynulu.com,1,ExtraHop/DGA-Detection-Training-Dataset,dga,kerygyxofynulu,14,dga_13_15
kerywerifynyle.com,1,ExtraHop/DGA-Detection-Training-Dataset,dga,kerywerifynyle,14,dga_13_15
kevybaxefolule.net,1,ExtraHop/DGA-Detection-Training-Dataset,dga,kevybaxefolule,14,dga_13_15
kezylixafepule.org,1,ExtraHop/DGA-Detection-Training-Dataset,dga,kezylixafepule,14,dga_13_15
kfypu81tql58e4c.net,1,ExtraHop/DGA-Detection-Training-Dataset,dga,kfypu81tql58e4c,15,dga_13_15
khqieqqwlxwky.com,1,ExtraHop/DGA-Detection-Training-Dataset,dga,khqieqqwlxwky,13,dga_13_15
kiompartbulkyf.info,1,ExtraHop/DGA-Detection-Training-Dataset,dga,kiompartbulkyf,14,dga_13_15
kizkxmnansnan.com,1,ExtraHop/DGA-Detection-Training-Dataset,dga,kizkxmnansnan,13,dga_13_15
kjuykeheaettym.info,1,ExtraHop/DGA-Detection-Training-Dataset,dga,kjuykeheaettym,14,dga_13_15
kknoduvqmswsmr.com,1,ExtraHop/DGA-Detection-Training-Dataset,dga,kknoduvqmswsmr,14,dga_13_15
kkryylezmgbbwvc.info,1,ExtraHop/DGA-Detection-Training-Dataset,dga,kkryylezmgbbwvc,15,dga_13_15
kl3bg4gvivyl7lm.net,1,ExtraHop/DGA-Detection-Training-Dataset,dga,kl3bg4gvivyl7lm,15,dga_13_15
klsbe8qdsj3ba01.com,1,ExtraHop/DGA-Detection-Training-Dataset,dga,klsbe8qdsj3ba01,15,dga_13_15
knw67pe4yxkhun5.net,1,ExtraHop/DGA-Detection-Training-Dataset,dga,knw67pe4yxkhun5,15,dga_13_15
kqlwoxnjomlvmiu.info,1,ExtraHop/DGA-Detection-Training-Dataset,dga,kqlwoxnjomlvmiu,15,dga_13_15
ktimgptjpvxmwl.net,1,ExtraHop/DGA-Detection-Training-Dataset,dga,ktimgptjpvxmwl,14,dga_13_15
ktuktdtatkbupd.net,1,ExtraHop/DGA-Detection-Training-Dataset,dga,ktuktdtatkbupd,14,dga_13_15
ktzudlbdtkhzka.org,1,ExtraHop/DGA-Detection-Training-Dataset,dga,ktzudlbdtkhzka,14,dga_13_15
kuciaauiuauowei.com,1,ExtraHop/DGA-Detection-Training-Dataset,dga,kuciaauiuauowei,15,dga_13_15
kucyigaiewceo.com,1,ExtraHop/DGA-Detection-Training-Dataset,dga,kucyigaiewceo,13,dga_13_15
kueqewsysqsqmwc.net,1,ExtraHop/DGA-Detection-Training-Dataset,dga,kueqewsysqsqmwc,15,dga_13_15
kueuocysymskak.net,1,ExtraHop/DGA-Detection-Training-Dataset,dga,kueuocysymskak,14,dga_13_15
kugqihueunfuot.net,1,ExtraHop/DGA-Detection-Training-Dataset,dga,kugqihueunfuot,14,dga_13_15
kuilanarianaqh.org,1,ExtraHop/DGA-Detection-Training-Dataset,dga,kuilanarianaqh,14,dga_13_15
kuuagcuyekmyuci.org,1,ExtraHop/DGA-Detection-Training-Dataset,dga,kuuagcuyekmyuci,15,dga_13_15
kuwyygoayksig.info,1,ExtraHop/DGA-Detection-Training-Dataset,dga,kuwyygoayksig,13,dga_13_15
kvstmfyj1tuxcj3.info,1,ExtraHop/DGA-Detection-Training-Dataset,dga,kvstmfyj1tuxcj3,15,dga_13_15
lcpbfqafvfkwpg.net,1,ExtraHop/DGA-Detection-Training-Dataset,dga,lcpbfqafvfkwpg,14,dga_13_15
ldtxrsensinaix.info,1,ExtraHop/DGA-Detection-Training-Dataset,dga,ldtxrsensinaix,14,dga_13_15
lduyxldiivglu.info,1,ExtraHop/DGA-Detection-Training-Dataset,dga,lduyxldiivglu,13,dga_13_15
lgcckdarmukfg.net,1,ExtraHop/DGA-Detection-Training-Dataset,dga,lgcckdarmukfg,13,dga_13_15
lgfzzauwzdxlkf.net,1,ExtraHop/DGA-Detection-Training-Dataset,dga,lgfzzauwzdxlkf,14,dga_13_15
lhrvgiqeehljdaa.com,1,ExtraHop/DGA-Detection-Training-Dataset,dga,lhrvgiqeehljdaa,15,dga_13_15
ljvnqxrvqgeiy.org,1,ExtraHop/DGA-Detection-Training-Dataset,dga,ljvnqxrvqgeiy,13,dga_13_15
lknpjgjahswkqp.org,1,ExtraHop/DGA-Detection-Training-Dataset,dga,lknpjgjahswkqp,14,dga_13_15
llnaererwyatanb.info,1,ExtraHop/DGA-Detection-Training-Dataset,dga,llnaererwyatanb,15,dga_13_15
lmyofcyzljqsm.info,1,ExtraHop/DGA-Detection-Training-Dataset,dga,lmyofcyzljqsm,13,dga_13_15
lnsunuugotrwsr.org,1,ExtraHop/DGA-Detection-Training-Dataset,dga,lnsunuugotrwsr,14,dga_13_15
lonwhsgefcrri.net,1,ExtraHop/DGA-Detection-Training-Dataset,dga,lonwhsgefcrri,13,dga_13_15
lrhkdbpnhrkowgx.net,1,ExtraHop/DGA-Detection-Training-Dataset,dga,lrhkdbpnhrkowgx,15,dga_13_15
lvsprsensinaix.info,1,ExtraHop/DGA-Detection-Training-Dataset,dga,lvsprsensinaix,14,dga_13_15
lwfvsvxfhotmrv.net,1,ExtraHop/DGA-Detection-Training-Dataset,dga,lwfvsvxfhotmrv,14,dga_13_15
lwrrvgfnmryuyb.info,1,ExtraHop/DGA-Detection-Training-Dataset,dga,lwrrvgfnmryuyb,14,dga_13_15
lxoarsensinaix.net,1,ExtraHop/DGA-Detection-Training-Dataset,dga,lxoarsensinaix,14,dga_13_15
lygojenolelaw.net,1,ExtraHop/DGA-Detection-Training-Dataset,dga,lygojenolelaw,13,dga_13_15
lygugajypunevus.info,1,ExtraHop/DGA-Detection-Training-Dataset,dga,lygugajypunevus,15,dga_13_15
lyjuvajipenevar.com,1,ExtraHop/DGA-Detection-Training-Dataset,dga,lyjuvajipenevar,15,dga_13_15
lykosyjylodew.com,1,ExtraHop/DGA-Detection-Training-Dataset,dga,lykosyjylodew,13,dga_13_15
lykotadylosiw.com,1,ExtraHop/DGA-Detection-Training-Dataset,dga,lykotadylosiw,13,dga_13_15
lymuginipysavup.org,1,ExtraHop/DGA-Detection-Training-Dataset,dga,lymuginipysavup,15,dga_13_15
lymulonipyfavep.info,1,ExtraHop/DGA-Detection-Training-Dataset,dga,lymulonipyfavep,15,dga_13_15
lyrofyjilijew.net,1,ExtraHop/DGA-Detection-Training-Dataset,dga,lyrofyjilijew,13,dga_13_15
lyrudijupanevuw.org,1,ExtraHop/DGA-Detection-Training-Dataset,dga,lyrudijupanevuw,15,dga_13_15
lyruwujapalevif.org,1,ExtraHop/DGA-Detection-Training-Dataset,dga,lyruwujapalevif,15,dga_13_15
lyruxeropakyvan.org,1,ExtraHop/DGA-Detection-Training-Dataset,dga,lyruxeropakyvan,15,dga_13_15
lysobunalynaw.com,1,ExtraHop/DGA-Detection-Training-Dataset,dga,lysobunalynaw,13,dga_13_15
lysobynolymaw.info,1,ExtraHop/DGA-Detection-Training-Dataset,dga,lysobynolymaw,13,dga_13_15
lysojydylygiw.com,1,ExtraHop/DGA-Detection-Training-Dataset,dga,lysojydylygiw,13,dga_13_15
lyvomajulenew.net,1,ExtraHop/DGA-Detection-Training-Dataset,dga,lyvomajulenew,13,dga_13_15
m27vu8cto0g6er5.info,1,ExtraHop/DGA-Detection-Training-Dataset,dga,m27vu8cto0g6er5,15,dga_13_15
m670spmrkbqjodo.com,1,ExtraHop/DGA-Detection-Training-Dataset,dga,m670spmrkbqjodo,15,dga_13_15
m85b1rypujij3jk.info,1,ExtraHop/DGA-Detection-Training-Dataset,dga,m85b1rypujij3jk,15,dga_13_15
m8mx3psr54s4a8w.info,1,ExtraHop/DGA-Detection-Training-Dataset,dga,m8mx3psr54s4a8w,15,dga_13_15
magygefatowopa.net,1,ExtraHop/DGA-Detection-Training-Dataset,dga,magygefatowopa,14,dga_13_15
makyxufeticopu.info,1,ExtraHop/DGA-Detection-Training-Dataset,dga,makyxufeticopu,14,dga_13_15
mamywomytijapo.info,1,ExtraHop/DGA-Detection-Training-Dataset,dga,mamywomytijapo,14,dga_13_15
maryvutetuvupu.com,1,ExtraHop/DGA-Detection-Training-Dataset,dga,maryvutetuvupu,14,dga_13_15
mavyjucetadipi.com,1,ExtraHop/DGA-Detection-Training-Dataset,dga,mavyjucetadipi,14,dga_13_15
mbyfbxaegawxm.org,1,ExtraHop/DGA-Detection-Training-Dataset,dga,mbyfbxaegawxm,13,dga_13_15
mclykandfield.info,1,ExtraHop/DGA-Detection-Training-Dataset,dga,mclykandfield,13,dga_13_15
mdir3roh56u6s4s.com,1,ExtraHop/DGA-Detection-Training-Dataset,dga,mdir3roh56u6s4s,15,dga_13_15
mdirfkbhcgijcvu.info,1,ExtraHop/DGA-Detection-Training-Dataset,dga,mdirfkbhcgijcvu,15,dga_13_15
mdliewnfunrww.info,1,ExtraHop/DGA-Detection-Training-Dataset,dga,mdliewnfunrww,13,dga_13_15
mftecxunajfhlt.org,1,ExtraHop/DGA-Detection-Training-Dataset,dga,mftecxunajfhlt,14,dga_13_15
mglrposibwtffxj.org,1,ExtraHop/DGA-Detection-Training-Dataset,dga,mglrposibwtffxj,15,dga_13_15
mhcpvtyuxpgady.net,1,ExtraHop/DGA-Detection-Training-Dataset,dga,mhcpvtyuxpgady,14,dga_13_15
mhebo6ipwvuf3b3.org,1,ExtraHop/DGA-Detection-Training-Dataset,dga,mhebo6ipwvuf3b3,15,dga_13_15
mhhowbwbqgpuje.com,1,ExtraHop/DGA-Detection-Training-Dataset,dga,mhhowbwbqgpuje,14,dga_13_15
mhs6qj1bu058g8o.net,1,ExtraHop/DGA-Detection-Training-Dataset,dga,mhs6qj1bu058g8o,15,dga_13_15
mhwlpkywxeodios.com,1,ExtraHop/DGA-Detection-Training-Dataset,dga,mhwlpkywxeodios,15,dga_13_15
mhyvorupyxw2ajm.com,1,ExtraHop/DGA-Detection-Training-Dataset,dga,mhyvorupyxw2ajm,15,dga_13_15
milatpfnwoepnml.com,1,ExtraHop/DGA-Detection-Training-Dataset,dga,milatpfnwoepnml,15,dga_13_15
mimppukxpzdkzw.info,1,ExtraHop/DGA-Detection-Training-Dataset,dga,mimppukxpzdkzw,14,dga_13_15
mjjkdqrmjozxfu.info,1,ExtraHop/DGA-Detection-Training-Dataset,dga,mjjkdqrmjozxfu,14,dga_13_15
mjonhnfxwvboo.com,1,ExtraHop/DGA-Detection-Training-Dataset,dga,mjonhnfxwvboo,13,dga_13_15
mkphakwyhrjuhd.net,1,ExtraHop/DGA-Detection-Training-Dataset,dga,mkphakwyhrjuhd,14,dga_13_15
mlchsxwfa4oh70s.com,1,ExtraHop/DGA-Detection-Training-Dataset,dga,mlchsxwfa4oh70s,15,dga_13_15
mmcxfkpdkjtyj.info,1,ExtraHop/DGA-Detection-Training-Dataset,dga,mmcxfkpdkjtyj,13,dga_13_15
mmmpaaninilrhrg.net,1,ExtraHop/DGA-Detection-Training-Dataset,dga,mmmpaaninilrhrg,15,dga_13_15
mncveh1hwbq67dq.net,1,ExtraHop/DGA-Detection-Training-Dataset,dga,mncveh1hwbq67dq,15,dga_13_15
mnebglelmrw2ev7.org,1,ExtraHop/DGA-Detection-Training-Dataset,dga,mnebglelmrw2ev7,15,dga_13_15
mozsnenansnan.org,1,ExtraHop/DGA-Detection-Training-Dataset,dga,mozsnenansnan,13,dga_13_15
mpm4kp5f1lstqbo.com,1,ExtraHop/DGA-Detection-Training-Dataset,dga,mpm4kp5f1lstqbo,15,dga_13_15
mqgiererwyatanb.org,1,ExtraHop/DGA-Detection-Training-Dataset,dga,mqgiererwyatanb,15,dga_13_15
mqvgkcheverolet.com,1,ExtraHop/DGA-Detection-Training-Dataset,dga,mqvgkcheverolet,15,dga_13_15
mr54785dinun14a.org,1,ExtraHop/DGA-Detection-Training-Dataset,dga,mr54785dinun14a,15,dga_13_15
mranpigaafajenc.net,1,ExtraHop/DGA-Detection-Training-Dataset,dga,mranpigaafajenc,15,dga_13_15
mrk85fmlebqvwlc.org,1,ExtraHop/DGA-Detection-Training-Dataset,dga,mrk85fmlebqvwlc,15,dga_13_15
mslawccrjdgdjb.net,1,ExtraHop/DGA-Detection-Training-Dataset,dga,mslawccrjdgdjb,14,dga_13_15
mtfbkjeljokida.net,1,ExtraHop/DGA-Detection-Training-Dataset,dga,mtfbkjeljokida,14,dga_13_15
mtolerw8ab3b3hc.com,1,ExtraHop/DGA-Detection-Training-Dataset,dga,mtolerw8ab3b3hc,15,dga_13_15
mty4enejon3py0o.net,1,ExtraHop/DGA-Detection-Training-Dataset,dga,mty4enejon3py0o,15,dga_13_15
mukjxktqfyxtwj.info,1,ExtraHop/DGA-Detection-Training-Dataset,dga,mukjxktqfyxtwj,14,dga_13_15
mvballdyotfwu.net,1,ExtraHop/DGA-Detection-Training-Dataset,dga,mvballdyotfwu,13,dga_13_15
mvex521fcngvk8c.net,1,ExtraHop/DGA-Detection-Training-Dataset,dga,mvex521fcngvk8c,15,dga_13_15
mwpalebmw330i.net,1,ExtraHop/DGA-Detection-Training-Dataset,dga,mwpalebmw330i,13,dga_13_15
mxguumtsoubtplt.com,1,ExtraHop/DGA-Detection-Training-Dataset,dga,mxguumtsoubtplt,15,dga_13_15
mxogfcbawcvuqu.net,1,ExtraHop/DGA-Detection-Training-Dataset,dga,mxogfcbawcvuqu,14,dga_13_15
mycyciwgaciagio.org,1,ExtraHop/DGA-Detection-Training-Dataset,dga,mycyciwgaciagio,15,dga_13_15
myeqgokaousqkia.com,1,ExtraHop/DGA-Detection-Training-Dataset,dga,myeqgokaousqkia,15,dga_13_15
mygksikquqckom.org,1,ExtraHop/DGA-Detection-Training-Dataset,dga,mygksikquqckom,14,dga_13_15
mygzzhbnbwpqw.com,1,ExtraHop/DGA-Detection-Training-Dataset,dga,mygzzhbnbwpqw,13,dga_13_15
myixmzllxcici.org,1,ExtraHop/DGA-Detection-Training-Dataset,dga,myixmzllxcici,13,dga_13_15
mykkukacqksmq.com,1,ExtraHop/DGA-Detection-Training-Dataset,dga,mykkukacqksmq,13,dga_13_15
mymiagoguwwygk.org,1,ExtraHop/DGA-Detection-Training-Dataset,dga,mymiagoguwwygk,14,dga_13_15
nassaopsxtfldm.com,1,ExtraHop/DGA-Detection-Training-Dataset,dga,nassaopsxtfldm,14,dga_13_15
ncmpsauuyutvagp.com,1,ExtraHop/DGA-Detection-Training-Dataset,dga,ncmpsauuyutvagp,15,dga_13_15
nejyccoykobtd.org,1,ExtraHop/DGA-Detection-Training-Dataset,dga,nejyccoykobtd,13,dga_13_15
nfwcetpyxyrolvn.org,1,ExtraHop/DGA-Detection-Training-Dataset,dga,nfwcetpyxyrolvn,15,dga_13_15
ngrvmwbroqoeymt.com,1,ExtraHop/DGA-Detection-Training-Dataset,dga,ngrvmwbroqoeymt,15,dga_13_15
ngtuxroilrsbwk.net,1,ExtraHop/DGA-Detection-Training-Dataset,dga,ngtuxroilrsbwk,14,dga_13_15
ngwqoatomfqsc.org,1,ExtraHop/DGA-Detection-Training-Dataset,dga,ngwqoatomfqsc,13,dga_13_15
njfdtmluztplud.org,1,ExtraHop/DGA-Detection-Training-Dataset,dga,njfdtmluztplud,14,dga_13_15
njmxkcheverolet.com,1,ExtraHop/DGA-Detection-Training-Dataset,dga,njmxkcheverolet,15,dga_13_15
nnddcvusfgskkv.com,1,ExtraHop/DGA-Detection-Training-Dataset,dga,nnddcvusfgskkv,14,dga_13_15
noavsrqnngyha.info,1,ExtraHop/DGA-Detection-Training-Dataset,dga,noavsrqnngyha,13,dga_13_15
noypukuqurrybxd.info,1,ExtraHop/DGA-Detection-Training-Dataset,dga,noypukuqurrybxd,15,dga_13_15
nucmtnxbuiejovf.info,1,ExtraHop/DGA-Detection-Training-Dataset,dga,nucmtnxbuiejovf,15,dga_13_15
nvpzlebmw330i.com,1,ExtraHop/DGA-Detection-Training-Dataset,dga,nvpzlebmw330i,13,dga_13_15
nvvjrsensinaix.info,1,ExtraHop/DGA-Detection-Training-Dataset,dga,nvvjrsensinaix,14,dga_13_15
nyneeuwflblvye.org,1,ExtraHop/DGA-Detection-Training-Dataset,dga,nyneeuwflblvye,14,dga_13_15
nzdoubnqftyxxn.net,1,ExtraHop/DGA-Detection-Training-Dataset,dga,nzdoubnqftyxxn,14,dga_13_15
o21078ipinerutg.net,1,ExtraHop/DGA-Detection-Training-Dataset,dga,o21078ipinerutg,15,dga_13_15
o2wrytcdmtk612k.info,1,ExtraHop/DGA-Detection-Training-Dataset,dga,o2wrytcdmtk612k,15,dga_13_15
o45bg0i8wvkds2u.org,1,ExtraHop/DGA-Detection-Training-Dataset,dga,o45bg0i8wvkds2u,15,dga_13_15
oaedhbcbyotxo.org,1,ExtraHop/DGA-Detection-Training-Dataset,dga,oaedhbcbyotxo,13,dga_13_15
obshatg2kbo8mhe.org,1,ExtraHop/DGA-Detection-Training-Dataset,dga,obshatg2kbo8mhe,15,dga_13_15
obw4yjwlgnan1tu.info,1,ExtraHop/DGA-Detection-Training-Dataset,dga,obw4yjwlgnan1tu,15,dga_13_15
ocbedoghvcmqb.info,1,ExtraHop/DGA-Detection-Training-Dataset,dga,ocbedoghvcmqb,13,dga_13_15
occqoioweomaeus.com,1,ExtraHop/DGA-Detection-Training-Dataset,dga,occqoioweomaeus,15,dga_13_15
ocqcimsuoeqsu.org,1,ExtraHop/DGA-Detection-Training-Dataset,dga,ocqcimsuoeqsu,13,dga_13_15
ocsoecqggyqmkcq.info,1,ExtraHop/DGA-Detection-Training-Dataset,dga,ocsoecqggyqmkcq,15,dga_13_15
ocuaigsccsioois.info,1,ExtraHop/DGA-Detection-Training-Dataset,dga,ocuaigsccsioois,15,dga_13_15
ocwicgwkoeamc.com,1,ExtraHop/DGA-Detection-Training-Dataset,dga,ocwicgwkoeamc,13,dga_13_15
ocwugguocmkscee.org,1,ExtraHop/DGA-Detection-Training-Dataset,dga,ocwugguocmkscee,15,dga_13_15
oczppartbulkyf.com,1,ExtraHop/DGA-Detection-Training-Dataset,dga,oczppartbulkyf,14,dga_13_15
odung2ux3fuvqra.org,1,ExtraHop/DGA-Detection-Training-Dataset,dga,odung2ux3fuvqra,15,dga_13_15
ofgbqdonax1pe6s.info,1,ExtraHop/DGA-Detection-Training-Dataset,dga,ofgbqdonax1pe6s,15,dga_13_15
ohmibwkfkqwuvge.org,1,ExtraHop/DGA-Detection-Training-Dataset,dga,ohmibwkfkqwuvge,15,dga_13_15
ohodpmkklmkusha.com,1,ExtraHop/DGA-Detection-Training-Dataset,dga,ohodpmkklmkusha,15,dga_13_15
oilohhalsigwqv.org,1,ExtraHop/DGA-Detection-Training-Dataset,dga,oilohhalsigwqv,14,dga_13_15
oinuwlnqqlktwq.net,1,ExtraHop/DGA-Detection-Training-Dataset,dga,oinuwlnqqlktwq,14,dga_13_15
ojan7ve41firk25.org,1,ExtraHop/DGA-Detection-Training-Dataset,dga,ojan7ve41firk25,15,dga_13_15
ojkmjchtpdybt.com,1,ExtraHop/DGA-Detection-Training-Dataset,dga,ojkmjchtpdybt,13,dga_13_15
okdkcrgoibbbtq.com,1,ExtraHop/DGA-Detection-Training-Dataset,dga,okdkcrgoibbbtq,14,dga_13_15
okvborcajanunal.com,1,ExtraHop/DGA-Detection-Training-Dataset,dga,okvborcajanunal,15,dga_13_15
omfdwkpmrsfhste.org,1,ExtraHop/DGA-Detection-Training-Dataset,dga,omfdwkpmrsfhste,15,dga_13_15
omfejaglqfplq.org,1,ExtraHop/DGA-Detection-Training-Dataset,dga,omfejaglqfplq,13,dga_13_15
oofuciqmjxyiq.info,1,ExtraHop/DGA-Detection-Training-Dataset,dga,oofuciqmjxyiq,13,dga_13_15
oonsmlenbiwdbvm.com,1,ExtraHop/DGA-Detection-Training-Dataset,dga,oonsmlenbiwdbvm,15,dga_13_15
opi2g03dw0axwbk.org,1,ExtraHop/DGA-Detection-Training-Dataset,dga,opi2g03dw0axwbk,15,dga_13_15
orkhm0cfmv52u0y.com,1,ExtraHop/DGA-Detection-Training-Dataset,dga,orkhm0cfmv52u0y,15,dga_13_15
orkxpnwvcogvspc.info,1,ExtraHop/DGA-Detection-Training-Dataset,dga,orkxpnwvcogvspc,15,dga_13_15
oty2sr7lolixs0e.com,1,ExtraHop/DGA-Detection-Training-Dataset,dga,oty2sr7lolixs0e,15,dga_13_15
oubhenhancedysb.org,1,ExtraHop/DGA-Detection-Training-Dataset,dga,oubhenhancedysb,15,dga_13_15
ovi65xqh1bq6c4e.com,1,ExtraHop/DGA-Detection-Training-Dataset,dga,ovi65xqh1bq6c4e,15,dga_13_15
oxvcvmukgqlxiu.net,1,ExtraHop/DGA-Detection-Training-Dataset,dga,oxvcvmukgqlxiu,14,dga_13_15
oybokcheverolet.info,1,ExtraHop/DGA-Detection-Training-Dataset,dga,oybokcheverolet,15,dga_13_15
oyeobyplaywobb.org,1,ExtraHop/DGA-Detection-Training-Dataset,dga,oyeobyplaywobb,14,dga_13_15
oymojtenwpsil.net,1,ExtraHop/DGA-Detection-Training-Dataset,dga,oymojtenwpsil,13,dga_13_15
oyynmfubwssofl.org,1,ExtraHop/DGA-Detection-Training-Dataset,dga,oyynmfubwssofl,14,dga_13_15
oyzubyplaywobb.com,1,ExtraHop/DGA-Detection-Training-Dataset,dga,oyzubyplaywobb,14,dga_13_15
paaiisboacyyxpe.com,1,ExtraHop/DGA-Detection-Training-Dataset,dga,paaiisboacyyxpe,15,dga_13_15
pbasenhancedysb.org,1,ExtraHop/DGA-Detection-Training-Dataset,dga,pbasenhancedysb,15,dga_13_15
pdghprcntmuwnl.net,1,ExtraHop/DGA-Detection-Training-Dataset,dga,pdghprcntmuwnl,14,dga_13_15
pdylmierigohi.org,1,ExtraHop/DGA-Detection-Training-Dataset,dga,pdylmierigohi,13,dga_13_15
pflnkhascppvrp.com,1,ExtraHop/DGA-Detection-Training-Dataset,dga,pflnkhascppvrp,14,dga_13_15
pfnghuhuasrrj.info,1,ExtraHop/DGA-Detection-Training-Dataset,dga,pfnghuhuasrrj,13,dga_13_15
pghpkoorcewehqi.net,1,ExtraHop/DGA-Detection-Training-Dataset,dga,pghpkoorcewehqi,15,dga_13_15
phjsygfppkgujpb.com,1,ExtraHop/DGA-Detection-Training-Dataset,dga,phjsygfppkgujpb,15,dga_13_15
phxsrsensinaix.com,1,ExtraHop/DGA-Detection-Training-Dataset,dga,phxsrsensinaix,14,dga_13_15
phyrbfqopeftoku.info,1,ExtraHop/DGA-Detection-Training-Dataset,dga,phyrbfqopeftoku,15,dga_13_15
pijpmckxdobrfmj.com,1,ExtraHop/DGA-Detection-Training-Dataset,dga,pijpmckxdobrfmj,15,dga_13_15
pirmuixvalwhg.com,1,ExtraHop/DGA-Detection-Training-Dataset,dga,pirmuixvalwhg,13,dga_13_15
pklrcufdosmeuba.net,1,ExtraHop/DGA-Detection-Training-Dataset,dga,pklrcufdosmeuba,15,dga_13_15
pleefksqiyxqy.net,1,ExtraHop/DGA-Detection-Training-Dataset,dga,pleefksqiyxqy,13,dga_13_15
plerotnmqycnud.info,1,ExtraHop/DGA-Detection-Training-Dataset,dga,plerotnmqycnud,14,dga_13_15
pnjdkiqxmkytxm.org,1,ExtraHop/DGA-Detection-Training-Dataset,dga,pnjdkiqxmkytxm,14,dga_13_15
pnypusadxpvav.com,1,ExtraHop/DGA-Detection-Training-Dataset,dga,pnypusadxpvav,13,dga_13_15
pobsxuawuaczd.com,1,ExtraHop/DGA-Detection-Training-Dataset,dga,pobsxuawuaczd,13,dga_13_15
poreloeiruurhc.info,1,ExtraHop/DGA-Detection-Training-Dataset,dga,poreloeiruurhc,14,dga_13_15
ppetylpjnccvsl.org,1,ExtraHop/DGA-Detection-Training-Dataset,dga,ppetylpjnccvsl,14,dga_13_15
ppfnlebmw330i.net,1,ExtraHop/DGA-Detection-Training-Dataset,dga,ppfnlebmw330i,13,dga_13_15
prrvenhancedysb.org,1,ExtraHop/DGA-Detection-Training-Dataset,dga,prrvenhancedysb,15,dga_13_15
psmegdqppimmoox.com,1,ExtraHop/DGA-Detection-Training-Dataset,dga,psmegdqppimmoox,15,dga_13_15
pumoluqavopeh.org,1,ExtraHop/DGA-Detection-Training-Dataset,dga,pumoluqavopeh,13,dga_13_15
pumomuluvocyh.info,1,ExtraHop/DGA-Detection-Training-Dataset,dga,pumomuluvocyh,13,dga_13_15
punudeqygepepob.net,1,ExtraHop/DGA-Detection-Training-Dataset,dga,punudeqygepepob,15,dga_13_15
puosehycouedelb.net,1,ExtraHop/DGA-Detection-Training-Dataset,dga,puosehycouedelb,15,dga_13_15
puqzrurqgvilkj.info,1,ExtraHop/DGA-Detection-Training-Dataset,dga,puqzrurqgvilkj,14,dga_13_15
puvolapavekuh.com,1,ExtraHop/DGA-Detection-Training-Dataset,dga,puvolapavekuh,13,dga_13_15
puwolyluvugyh.net,1,ExtraHop/DGA-Detection-Training-Dataset,dga,puwolyluvugyh,13,dga_13_15
puwubiqogoqepuh.info,1,ExtraHop/DGA-Detection-Training-Dataset,dga,puwubiqogoqepuh,15,dga_13_15
puzumylygixypez.com,1,ExtraHop/DGA-Detection-Training-Dataset,dga,puzumylygixypez,15,dga_13_15
pwakgtbduobaj.org,1,ExtraHop/DGA-Detection-Training-Dataset,dga,pwakgtbduobaj,13,dga_13_15
pwfbrfqmgaxsx.org,1,ExtraHop/DGA-Detection-Training-Dataset,dga,pwfbrfqmgaxsx,13,dga_13_15
pwgqkrfbfypohq.info,1,ExtraHop/DGA-Detection-Training-Dataset,dga,pwgqkrfbfypohq,14,dga_13_15
pxsuswjruxhqvha.org,1,ExtraHop/DGA-Detection-Training-Dataset,dga,pxsuswjruxhqvha,15,dga_13_15
pyqqiwsxzlcxmmp.org,1,ExtraHop/DGA-Detection-Training-Dataset,dga,pyqqiwsxzlcxmmp,15,dga_13_15
pzfflnkxofcubt.org,1,ExtraHop/DGA-Detection-Training-Dataset,dga,pzfflnkxofcubt,14,dga_13_15
q4y8u83rsl5rgvw.com,1,ExtraHop/DGA-Detection-Training-Dataset,dga,q4y8u83rsl5rgvw,15,dga_13_15
q876uvcxkheb3l1.info,1,ExtraHop/DGA-Detection-Training-Dataset,dga,q876uvcxkheb3l1,15,dga_13_15
qamwxwwtzfhcbcn.net,1,ExtraHop/DGA-Detection-Training-Dataset,dga,qamwxwwtzfhcbcn,15,dga_13_15
qbieofpbtqdod.net,1,ExtraHop/DGA-Detection-Training-Dataset,dga,qbieofpbtqdod,13,dga_13_15
qbivwfyd76gbwbk.info,1,ExtraHop/DGA-Detection-Training-Dataset,dga,qbivwfyd76gbwbk,15,dga_13_15
qbkshgpmjhrhp.com,1,ExtraHop/DGA-Detection-Training-Dataset,dga,qbkshgpmjhrhp,13,dga_13_15
qbmwhmnansnan.org,1,ExtraHop/DGA-Detection-Training-Dataset,dga,qbmwhmnansnan,13,dga_13_15
qckqlebmw330i.net,1,ExtraHop/DGA-Detection-Training-Dataset,dga,qckqlebmw330i,13,dga_13_15
qcxkenhancedysb.net,1,ExtraHop/DGA-Detection-Training-Dataset,dga,qcxkenhancedysb,15,dga_13_15
qds6cl5hir12y4i.net,1,ExtraHop/DGA-Detection-Training-Dataset,dga,qds6cl5hir12y4i,15,dga_13_15
qegohaqogejez.com,1,ExtraHop/DGA-Detection-Training-Dataset,dga,qegohaqogejez,13,dga_13_15
qegoqypagevuz.net,1,ExtraHop/DGA-Detection-Training-Dataset,dga,qegoqypagevuz,13,dga_13_15
qegusygiqudogyq.com,1,ExtraHop/DGA-Detection-Training-Dataset,dga,qegusygiqudogyq,15,dga_13_15
qehclebmw330i.org,1,ExtraHop/DGA-Detection-Training-Dataset,dga,qehclebmw330i,13,dga_13_15
qekujigaqydogep.net,1,ExtraHop/DGA-Detection-Training-Dataset,dga,qekujigaqydogep,15,dga_13_15
qesoqulegufyz.net,1,ExtraHop/DGA-Detection-Training-Dataset,dga,qesoqulegufyz,13,dga_13_15
qetosevugowiz.com,1,ExtraHop/DGA-Detection-Training-Dataset,dga,qetosevugowiz,13,dga_13_15
qetovyligovyz.info,1,ExtraHop/DGA-Detection-Training-Dataset,dga,qetovyligovyz,13,dga_13_15
qexohoqeginez.info,1,ExtraHop/DGA-Detection-Training-Dataset,dga,qexohoqeginez,13,dga_13_15
qexoviqagijez.org,1,ExtraHop/DGA-Detection-Training-Dataset,dga,qexoviqagijez,13,dga_13_15
qgeuogiiuquwqcq.net,1,ExtraHop/DGA-Detection-Training-Dataset,dga,qgeuogiiuquwqcq,15,dga_13_15
qggoimueqsiwyww.net,1,ExtraHop/DGA-Detection-Training-Dataset,dga,qggoimueqsiwyww,15,dga_13_15
qgkwiisaskkawg.com,1,ExtraHop/DGA-Detection-Training-Dataset,dga,qgkwiisaskkawg,14,dga_13_15
qgmiygiaooeicmq.info,1,ExtraHop/DGA-Detection-Training-Dataset,dga,qgmiygiaooeicmq,15,dga_13_15
qgouqewaewuug.org,1,ExtraHop/DGA-Detection-Training-Dataset,dga,qgouqewaewuug,13,dga_13_15
qgowmueweswyq.org,1,ExtraHop/DGA-Detection-Training-Dataset,dga,qgowmueweswyq,13,dga_13_15
qgsakqgeqyacggm.com,1,ExtraHop/DGA-Detection-Training-Dataset,dga,qgsakqgeqyacggm,15,dga_13_15
qguygekgeiymkc.org,1,ExtraHop/DGA-Detection-Training-Dataset,dga,qguygekgeiymkc,14,dga_13_15
qguyiqwoaawiq.info,1,ExtraHop/DGA-Detection-Training-Dataset,dga,qguyiqwoaawiq,13,dga_13_15
qgyqaiseusyum.net,1,ExtraHop/DGA-Detection-Training-Dataset,dga,qgyqaiseusyum,13,dga_13_15
qhg4s41lu6ejkxc.net,1,ExtraHop/DGA-Detection-Training-Dataset,dga,qhg4s41lu6ejkxc,15,dga_13_15
qhnkrcavthapqn.org,1,ExtraHop/DGA-Detection-Training-Dataset,dga,qhnkrcavthapqn,14,dga_13_15
qhpmagtdohsxlf.info,1,ExtraHop/DGA-Detection-Training-Dataset,dga,qhpmagtdohsxlf,14,dga_13_15
qhwngbkbax161dk.org,1,ExtraHop/DGA-Detection-Training-Dataset,dga,qhwngbkbax161dk,15,dga_13_15
qigduwxgmjcsu.org,1,ExtraHop/DGA-Detection-Training-Dataset,dga,qigduwxgmjcsu,13,dga_13_15
qinhorcajanunal.net,1,ExtraHop/DGA-Detection-Training-Dataset,dga,qinhorcajanunal,15,dga_13_15
qixjboakgltnc.com,1,ExtraHop/DGA-Detection-Training-Dataset,dga,qixjboakgltnc,13,dga_13_15
qjgphdokaxqxvce.info,1,ExtraHop/DGA-Detection-Training-Dataset,dga,qjgphdokaxqxvce,15,dga_13_15
qkastrexvnyqqth.net,1,ExtraHop/DGA-Detection-Training-Dataset,dga,qkastrexvnyqqth,15,dga_13_15
qkzivbagptlwz.com,1,ExtraHop/DGA-Detection-Training-Dataset,dga,qkzivbagptlwz,13,dga_13_15
qlo2ormr5r52wba.info,1,ExtraHop/DGA-Detection-Training-Dataset,dga,qlo2ormr5r52wba,15,dga_13_15
qlodoxbndrdlo.com,1,ExtraHop/DGA-Detection-Training-Dataset,dga,qlodoxbndrdlo,13,dga_13_15
qlttyhwcnqimq.net,1,ExtraHop/DGA-Detection-Training-Dataset,dga,qlttyhwcnqimq,13,dga_13_15
qmbtbyplaywobb.info,1,ExtraHop/DGA-Detection-Training-Dataset,dga,qmbtbyplaywobb,14,dga_13_15
qmcrkeptlfpebrc.info,1,ExtraHop/DGA-Detection-Training-Dataset,dga,qmcrkeptlfpebrc,15,dga_13_15
qmoskcheverolet.org,1,ExtraHop/DGA-Detection-Training-Dataset,dga,qmoskcheverolet,15,dga_13_15
qnhlgrjhgnzdeor.com,1,ExtraHop/DGA-Detection-Training-Dataset,dga,qnhlgrjhgnzdeor,15,dga_13_15
qnjlwgmeiqdbgl.org,1,ExtraHop/DGA-Detection-Training-Dataset,dga,qnjlwgmeiqdbgl,14,dga_13_15
qnqfedkwpruggp.info,1,ExtraHop/DGA-Detection-Training-Dataset,dga,qnqfedkwpruggp,14,dga_13_15
qnqngpwfah1hk0u.org,1,ExtraHop/DGA-Detection-Training-Dataset,dga,qnqngpwfah1hk0u,15,dga_13_15
qolrpartbulkyf.info,1,ExtraHop/DGA-Detection-Training-Dataset,dga,qolrpartbulkyf,14,dga_13_15
qpsrw2s8sxkrerq.com,1,ExtraHop/DGA-Detection-Training-Dataset,dga,qpsrw2s8sxkrerq,15,dga_13_15
qpwbubelerilct5.info,1,ExtraHop/DGA-Detection-Training-Dataset,dga,qpwbubelerilct5,15,dga_13_15
qrab1d1tmvad1hs.org,1,ExtraHop/DGA-Detection-Training-Dataset,dga,qrab1d1tmvad1hs,15,dga_13_15
qrkr14mt1xc27p1.com,1,ExtraHop/DGA-Detection-Training-Dataset,dga,qrkr14mt1xc27p1,15,dga_13_15
qsioqfmuqtfebph.net,1,ExtraHop/DGA-Detection-Training-Dataset,dga,qsioqfmuqtfebph,15,dga_13_15
qtrrnrnjsrmoj.net,1,ExtraHop/DGA-Detection-Training-Dataset,dga,qtrrnrnjsrmoj,13,dga_13_15
qtvjytxlnbyqn.org,1,ExtraHop/DGA-Detection-Training-Dataset,dga,qtvjytxlnbyqn,13,dga_13_15
quigqoaynamuanp.net,1,ExtraHop/DGA-Detection-Training-Dataset,dga,quigqoaynamuanp,15,dga_13_15
quxlenhancedysb.com,1,ExtraHop/DGA-Detection-Training-Dataset,dga,quxlenhancedysb,15,dga_13_15
qv12crqholmxedk.info,1,ExtraHop/DGA-Detection-Training-Dataset,dga,qv12crqholmxedk,15,dga_13_15
qveydidrolaoqi.net,1,ExtraHop/DGA-Detection-Training-Dataset,dga,qveydidrolaoqi,14,dga_13_15
qwzfkcheverolet.net,1,ExtraHop/DGA-Detection-Training-Dataset,dga,qwzfkcheverolet,15,dga_13_15
qxale65xm83x5ds.net,1,ExtraHop/DGA-Detection-Training-Dataset,dga,qxale65xm83x5ds,15,dga_13_15
qxcbe4mr1vuxyro.info,1,ExtraHop/DGA-Detection-Training-Dataset,dga,qxcbe4mr1vuxyro,15,dga_13_15
qxqho672anmbe4i.info,1,ExtraHop/DGA-Detection-Training-Dataset,dga,qxqho672anmbe4i,15,dga_13_15
qxw4i812wfaxkbe.com,1,ExtraHop/DGA-Detection-Training-Dataset,dga,qxw4i812wfaxkbe,15,dga_13_15
rbaxqblbvhmbhxt.com,1,ExtraHop/DGA-Detection-Training-Dataset,dga,rbaxqblbvhmbhxt,15,dga_13_15
rbonbyplaywobb.info,1,ExtraHop/DGA-Detection-Training-Dataset,dga,rbonbyplaywobb,14,dga_13_15
rdgfhekpgutnwhf.info,1,ExtraHop/DGA-Detection-Training-Dataset,dga,rdgfhekpgutnwhf,15,dga_13_15
rearehhvgvyiid.info,1,ExtraHop/DGA-Detection-Training-Dataset,dga,rearehhvgvyiid,14,dga_13_15
rey5zcd9e1xmid.com,1,ExtraHop/DGA-Detection-Training-Dataset,dga,rey5zcd9e1xmid,14,dga_13_15
reyiuajvymluni.org,1,ExtraHop/DGA-Detection-Training-Dataset,dga,reyiuajvymluni,14,dga_13_15
rfeskandfield.org,1,ExtraHop/DGA-Detection-Training-Dataset,dga,rfeskandfield,13,dga_13_15
rgfvcnffiqmkwyq.net,1,ExtraHop/DGA-Detection-Training-Dataset,dga,rgfvcnffiqmkwyq,15,dga_13_15
rhcncuscdsqyw.info,1,ExtraHop/DGA-Detection-Training-Dataset,dga,rhcncuscdsqyw,13,dga_13_15
rhdsbvxhjvtmam.com,1,ExtraHop/DGA-Detection-Training-Dataset,dga,rhdsbvxhjvtmam,14,dga_13_15
rhjfqfpogkrplq.com,1,ExtraHop/DGA-Detection-Training-Dataset,dga,rhjfqfpogkrplq,14,dga_13_15
rhnunapuitblu.info,1,ExtraHop/DGA-Detection-Training-Dataset,dga,rhnunapuitblu,13,dga_13_15
rhslbdgmbluwvo.net,1,ExtraHop/DGA-Detection-Training-Dataset,dga,rhslbdgmbluwvo,14,dga_13_15
ristelotxetmxto.com,1,ExtraHop/DGA-Detection-Training-Dataset,dga,ristelotxetmxto,15,dga_13_15
rivckesaovaag.net,1,ExtraHop/DGA-Detection-Training-Dataset,dga,rivckesaovaag,13,dga_13_15
rjjpujilwxprkr.com,1,ExtraHop/DGA-Detection-Training-Dataset,dga,rjjpujilwxprkr,14,dga_13_15
rlomenhancedysb.info,1,ExtraHop/DGA-Detection-Training-Dataset,dga,rlomenhancedysb,15,dga_13_15
rqheluvfvimjqqh.net,1,ExtraHop/DGA-Detection-Training-Dataset,dga,rqheluvfvimjqqh,15,dga_13_15
rqrljndkmlffcos.info,1,ExtraHop/DGA-Detection-Training-Dataset,dga,rqrljndkmlffcos,15,dga_13_15
rrsokandfield.com,1,ExtraHop/DGA-Detection-Training-Dataset,dga,rrsokandfield,13,dga_13_15
rsagywcxrvqilea.net,1,ExtraHop/DGA-Detection-Training-Dataset,dga,rsagywcxrvqilea,15,dga_13_15
rssgwylbbemmskf.com,1,ExtraHop/DGA-Detection-Training-Dataset,dga,rssgwylbbemmskf,15,dga_13_15
rtbjoppuvuylxvp.info,1,ExtraHop/DGA-Detection-Training-Dataset,dga,rtbjoppuvuylxvp,15,dga_13_15
rwgublalputkuyy.com,1,ExtraHop/DGA-Detection-Training-Dataset,dga,rwgublalputkuyy,15,dga_13_15
rwrsnsfvffylu.info,1,ExtraHop/DGA-Detection-Training-Dataset,dga,rwrsnsfvffylu,13,dga_13_15
rxpqpknjjshnh.com,1,ExtraHop/DGA-Detection-Training-Dataset,dga,rxpqpknjjshnh,13,dga_13_15
rzkkewoubufgtd.com,1,ExtraHop/DGA-Detection-Training-Dataset,dga,rzkkewoubufgtd,14,dga_13_15
s01n3fw0c0kfch5.org,1,ExtraHop/DGA-Detection-Training-Dataset,dga,s01n3fw0c0kfch5,15,dga_13_15
s03bafc45bwxq07.info,1,ExtraHop/DGA-Detection-Training-Dataset,dga,s03bafc45bwxq07,15,dga_13_15
s2u65naxwlod1hq.org,1,ExtraHop/DGA-Detection-Training-Dataset,dga,s2u65naxwlod1hq,15,dga_13_15
s6k4erilaxsxyb7.org,1,ExtraHop/DGA-Detection-Training-Dataset,dga,s6k4erilaxsxyb7,15,dga_13_15
s6q41vclilqh3dy.net,1,ExtraHop/DGA-Detection-Training-Dataset,dga,s6q41vclilqh3dy,15,dga_13_15
s6qbkhqxg45xgxa.com,1,ExtraHop/DGA-Detection-Training-Dataset,dga,s6qbkhqxg45xgxa,15,dga_13_15
sb18glynafohsp7.net,1,ExtraHop/DGA-Detection-Training-Dataset,dga,sb18glynafohsp7,15,dga_13_15
sbe07dyvmho0mnk.org,1,ExtraHop/DGA-Detection-Training-Dataset,dga,sbe07dyvmho0mnk,15,dga_13_15
sbyty2i0mrsjk6k.org,1,ExtraHop/DGA-Detection-Training-Dataset,dga,sbyty2i0mrsjk6k,15,dga_13_15
scbuenhancedysb.com,1,ExtraHop/DGA-Detection-Training-Dataset,dga,scbuenhancedysb,15,dga_13_15
scgdybnbhnwoxk.net,1,ExtraHop/DGA-Detection-Training-Dataset,dga,scgdybnbhnwoxk,14,dga_13_15
sddfmdnmrhwxv.org,1,ExtraHop/DGA-Detection-Training-Dataset,dga,sddfmdnmrhwxv,13,dga_13_15
sdegricqtlkauce.net,1,ExtraHop/DGA-Detection-Training-Dataset,dga,sdegricqtlkauce,15,dga_13_15
sdekgobesjfjlre.net,1,ExtraHop/DGA-Detection-Training-Dataset,dga,sdekgobesjfjlre,15,dga_13_15
secnyldevurvay.info,1,ExtraHop/DGA-Detection-Training-Dataset,dga,secnyldevurvay,14,dga_13_15
sf70cvgt1v3nira.net,1,ExtraHop/DGA-Detection-Training-Dataset,dga,sf70cvgt1v3nira,15,dga_13_15
sfcpajytetwfwxk.net,1,ExtraHop/DGA-Detection-Training-Dataset,dga,sfcpajytetwfwxk,15,dga_13_15
sfqevtzydajtbp.net,1,ExtraHop/DGA-Detection-Training-Dataset,dga,sfqevtzydajtbp,14,dga_13_15
sfuhg4k67ta23fs.com,1,ExtraHop/DGA-Detection-Training-Dataset,dga,sfuhg4k67ta23fs,15,dga_13_15
shcxkgaxpsunot.org,1,ExtraHop/DGA-Detection-Training-Dataset,dga,shcxkgaxpsunot,14,dga_13_15
sheerwjghlpkx.info,1,ExtraHop/DGA-Detection-Training-Dataset,dga,sheerwjghlpkx,13,dga_13_15
sihabyplaywobb.info,1,ExtraHop/DGA-Detection-Training-Dataset,dga,sihabyplaywobb,14,dga_13_15
siynyoneuxvatqg.net,1,ExtraHop/DGA-Detection-Training-Dataset,dga,siynyoneuxvatqg,15,dga_13_15
sjkp9uxffn2kci.info,1,ExtraHop/DGA-Detection-Training-Dataset,dga,sjkp9uxffn2kci,14,dga_13_15
skcknvrrghbxmn.net,1,ExtraHop/DGA-Detection-Training-Dataset,dga,skcknvrrghbxmn,14,dga_13_15
skcmugmkmaoig.org,1,ExtraHop/DGA-Detection-Training-Dataset,dga,skcmugmkmaoig,13,dga_13_15
skcwokuyikmyi.com,1,ExtraHop/DGA-Detection-Training-Dataset,dga,skcwokuyikmyi,13,dga_13_15
skegsiyiqagoe.com,1,ExtraHop/DGA-Detection-Training-Dataset,dga,skegsiyiqagoe,13,dga_13_15
skeqskyeyckoi.net,1,ExtraHop/DGA-Detection-Training-Dataset,dga,skeqskyeyckoi,13,dga_13_15
skicucwgmeoyqo.org,1,ExtraHop/DGA-Detection-Training-Dataset,dga,skicucwgmeoyqo,14,dga_13_15
skigaiasuywkgc.net,1,ExtraHop/DGA-Detection-Training-Dataset,dga,skigaiasuywkgc,14,dga_13_15
skquggaecukkm.com,1,ExtraHop/DGA-Detection-Training-Dataset,dga,skquggaecukkm,13,dga_13_15
skqysiwoowage.com,1,ExtraHop/DGA-Detection-Training-Dataset,dga,skqysiwoowage,13,dga_13_15
skwgkmosiumqywo.info,1,ExtraHop/DGA-Detection-Training-Dataset,dga,skwgkmosiumqywo,15,dga_13_15
skwqyqyucecow.com,1,ExtraHop/DGA-Detection-Training-Dataset,dga,skwqyqyucecow,13,dga_13_15
slex74apcbev3l1.org,1,ExtraHop/DGA-Detection-Training-Dataset,dga,slex74apcbev3l1,15,dga_13_15
sltjbbjssitdrh.com,1,ExtraHop/DGA-Detection-Training-Dataset,dga,sltjbbjssitdrh,14,dga_13_15
smdorsensinaix.net,1,ExtraHop/DGA-Detection-Training-Dataset,dga,smdorsensinaix,14,dga_13_15
smfuicosihddvyr.net,1,ExtraHop/DGA-Detection-Training-Dataset,dga,smfuicosihddvyr,15,dga_13_15
smrlkandfield.com,1,ExtraHop/DGA-Detection-Training-Dataset,dga,smrlkandfield,13,dga_13_15
smunhwest3456.com,1,ExtraHop/DGA-Detection-Training-Dataset,dga,smunhwest3456,13,dga_13_15
sngvfynabyrrht.net,1,ExtraHop/DGA-Detection-Training-Dataset,dga,sngvfynabyrrht,14,dga_13_15
snvingbcwhukhv.org,1,ExtraHop/DGA-Detection-Training-Dataset,dga,snvingbcwhukhv,14,dga_13_15
sojsbywceajjnka.com,1,ExtraHop/DGA-Detection-Training-Dataset,dga,sojsbywceajjnka,15,dga_13_15
sonlrsensinaix.org,1,ExtraHop/DGA-Detection-Training-Dataset,dga,sonlrsensinaix,14,dga_13_15
spxauuhmihubm.info,1,ExtraHop/DGA-Detection-Training-Dataset,dga,spxauuhmihubm,13,dga_13_15
sralqp3vubely2e.info,1,ExtraHop/DGA-Detection-Training-Dataset,dga,sralqp3vubely2e,15,dga_13_15
srtiqolhuyeyqd.com,1,ExtraHop/DGA-Detection-Training-Dataset,dga,srtiqolhuyeyqd,14,dga_13_15
sta01vq4m6s2o6q.net,1,ExtraHop/DGA-Detection-Training-Dataset,dga,sta01vq4m6s2o6q,15,dga_13_15
stiwvfltwfsflv.net,1,ExtraHop/DGA-Detection-Training-Dataset,dga,stiwvfltwfsflv,14,dga_13_15
sto6gpa0cl5pclm.org,1,ExtraHop/DGA-Detection-Training-Dataset,dga,sto6gpa0cl5pclm,15,dga_13_15
stulkna8cbm8ibm.net,1,ExtraHop/DGA-Detection-Training-Dataset,dga,stulkna8cbm8ibm,15,dga_13_15
swickcheverolet.org,1,ExtraHop/DGA-Detection-Training-Dataset,dga,swickcheverolet,15,dga_13_15
sxbbxtnqtlxqo.net,1,ExtraHop/DGA-Detection-Training-Dataset,dga,sxbbxtnqtlxqo,13,dga_13_15
sxgxybut7hevgro.net,1,ExtraHop/DGA-Detection-Training-Dataset,dga,sxgxybut7hevgro,15,dga_13_15
sxkvipul1bqxada.net,1,ExtraHop/DGA-Detection-Training-Dataset,dga,sxkvipul1bqxada,15,dga_13_15
syqpqcytoqggs.com,1,ExtraHop/DGA-Detection-Training-Dataset,dga,syqpqcytoqggs,13,dga_13_15
syqubyplaywobb.info,1,ExtraHop/DGA-Detection-Training-Dataset,dga,syqubyplaywobb,14,dga_13_15
taqkqlusbunoe.com,1,ExtraHop/DGA-Detection-Training-Dataset,dga,taqkqlusbunoe,13,dga_13_15
tbspdoyduoaffkh.com,1,ExtraHop/DGA-Detection-Training-Dataset,dga,tbspdoyduoaffkh,15,dga_13_15
tdquatyafcnjfe.org,1,ExtraHop/DGA-Detection-Training-Dataset,dga,tdquatyafcnjfe,14,dga_13_15
tengtzlvkqftw.info,1,ExtraHop/DGA-Detection-Training-Dataset,dga,tengtzlvkqftw,13,dga_13_15
tfttgjimbbvvpue.net,1,ExtraHop/DGA-Detection-Training-Dataset,dga,tfttgjimbbvvpue,15,dga_13_15
tgqjaamzmeqmikj.com,1,ExtraHop/DGA-Detection-Training-Dataset,dga,tgqjaamzmeqmikj,15,dga_13_15
tgtslpfacdjebsg.info,1,ExtraHop/DGA-Detection-Training-Dataset,dga,tgtslpfacdjebsg,15,dga_13_15
tjapenhancedysb.net,1,ExtraHop/DGA-Detection-Training-Dataset,dga,tjapenhancedysb,15,dga_13_15
tnmiererwyatanb.org,1,ExtraHop/DGA-Detection-Training-Dataset,dga,tnmiererwyatanb,15,dga_13_15
tnxukandfield.net,1,ExtraHop/DGA-Detection-Training-Dataset,dga,tnxukandfield,13,dga_13_15
tpksnrtjeyfrk.info,1,ExtraHop/DGA-Detection-Training-Dataset,dga,tpksnrtjeyfrk,13,dga_13_15
tqbeakhyjtehrpq.net,1,ExtraHop/DGA-Detection-Training-Dataset,dga,tqbeakhyjtehrpq,15,dga_13_15
trlaqsznkdlyrm.net,1,ExtraHop/DGA-Detection-Training-Dataset,dga,trlaqsznkdlyrm,14,dga_13_15
trulsvpjkwpsii.info,1,ExtraHop/DGA-Detection-Training-Dataset,dga,trulsvpjkwpsii,14,dga_13_15
trzeenhancedysb.com,1,ExtraHop/DGA-Detection-Training-Dataset,dga,trzeenhancedysb,15,dga_13_15
tsllhpqsszifjn.org,1,ExtraHop/DGA-Detection-Training-Dataset,dga,tsllhpqsszifjn,14,dga_13_15
tslqsrfsrxrkhos.net,1,ExtraHop/DGA-Detection-Training-Dataset,dga,tslqsrfsrxrkhos,15,dga_13_15
ttacvpriqimibt.com,1,ExtraHop/DGA-Detection-Training-Dataset,dga,ttacvpriqimibt,14,dga_13_15
ttbabyplaywobb.org,1,ExtraHop/DGA-Detection-Training-Dataset,dga,ttbabyplaywobb,14,dga_13_15
ttyfdkgixyfwro.info,1,ExtraHop/DGA-Detection-Training-Dataset,dga,ttyfdkgixyfwro,14,dga_13_15
tubimcnjmhrqpx.net,1,ExtraHop/DGA-Detection-Training-Dataset,dga,tubimcnjmhrqpx,14,dga_13_15
tucyzapekiduqy.org,1,ExtraHop/DGA-Detection-Training-Dataset,dga,tucyzapekiduqy,14,dga_13_15
tujykylukypyqa.net,1,ExtraHop/DGA-Detection-Training-Dataset,dga,tujykylukypyqa,14,dga_13_15
tujyzuqakymequ.org,1,ExtraHop/DGA-Detection-Training-Dataset,dga,tujyzuqakymequ,14,dga_13_15
tunypoqakufequ.net,1,ExtraHop/DGA-Detection-Training-Dataset,dga,tunypoqakufequ,14,dga_13_15
tvswtijsngyyyuj.com,1,ExtraHop/DGA-Detection-Training-Dataset,dga,tvswtijsngyyyuj,15,dga_13_15
txlodkuzydvqe.net,1,ExtraHop/DGA-Detection-Training-Dataset,dga,txlodkuzydvqe,13,dga_13_15
tzoilebmw330i.net,1,ExtraHop/DGA-Detection-Training-Dataset,dga,tzoilebmw330i,13,dga_13_15
tzsjkcheverolet.org,1,ExtraHop/DGA-Detection-Training-Dataset,dga,tzsjkcheverolet,15,dga_13_15
tzslererwyatanb.info,1,ExtraHop/DGA-Detection-Training-Dataset,dga,tzslererwyatanb,15,dga_13_15
u078s4e2kxg21jo.info,1,ExtraHop/DGA-Detection-Training-Dataset,dga,u078s4e2kxg21jo,15,dga_13_15
u25h3r7pa0qdehu.org,1,ExtraHop/DGA-Detection-Training-Dataset,dga,u25h3r7pa0qdehu,15,dga_13_15
u4sp5f3xyxsrmto.org,1,ExtraHop/DGA-Detection-Training-Dataset,dga,u4sp5f3xyxsrmto,15,dga_13_15
u6u47v7r5jwhgb5.net,1,ExtraHop/DGA-Detection-Training-Dataset,dga,u6u47v7r5jwhgb5,15,dga_13_15
u8spsbgt3xy8kri.info,1,ExtraHop/DGA-Detection-Training-Dataset,dga,u8spsbgt3xy8kri,15,dga_13_15
u8wf5la61nodulq.info,1,ExtraHop/DGA-Detection-Training-Dataset,dga,u8wf5la61nodulq,15,dga_13_15
uaismiwdwxkoio.info,1,ExtraHop/DGA-Detection-Training-Dataset,dga,uaismiwdwxkoio,14,dga_13_15
uantppkumowzpvd.net,1,ExtraHop/DGA-Detection-Training-Dataset,dga,uantppkumowzpvd,15,dga_13_15
ub7rapgpypsbibm.com,1,ExtraHop/DGA-Detection-Training-Dataset,dga,ub7rapgpypsbibm,15,dga_13_15
ucefcghgfhsyvp.info,1,ExtraHop/DGA-Detection-Training-Dataset,dga,ucefcghgfhsyvp,14,dga_13_15
udixrngsrxnpfk.info,1,ExtraHop/DGA-Detection-Training-Dataset,dga,udixrngsrxnpfk,14,dga_13_15
ugdrjxvamwiyatb.com,1,ExtraHop/DGA-Detection-Training-Dataset,dga,ugdrjxvamwiyatb,15,dga_13_15
uglafapdkprcm.com,1,ExtraHop/DGA-Detection-Training-Dataset,dga,uglafapdkprcm,13,dga_13_15
ugpmghadcsggpu.net,1,ExtraHop/DGA-Detection-Training-Dataset,dga,ugpmghadcsggpu,14,dga_13_15
ujcuengoahpan.info,1,ExtraHop/DGA-Detection-Training-Dataset,dga,ujcuengoahpan,13,dga_13_15
ujhyavvsywpoqq.com,1,ExtraHop/DGA-Detection-Training-Dataset,dga,ujhyavvsywpoqq,14,dga_13_15
ulydyjnmwnvzf.com,1,ExtraHop/DGA-Detection-Training-Dataset,dga,ulydyjnmwnvzf,13,dga_13_15
unal1p7hu4u4utw.com,1,ExtraHop/DGA-Detection-Training-Dataset,dga,unal1p7hu4u4utw,15,dga_13_15
uoaqaigmqgkksae.org,1,ExtraHop/DGA-Detection-Training-Dataset,dga,uoaqaigmqgkksae,15,dga_13_15
uoaucakyowcgu.com,1,ExtraHop/DGA-Detection-Training-Dataset,dga,uoaucakyowcgu,13,dga_13_15
uocemcyceamkk.org,1,ExtraHop/DGA-Detection-Training-Dataset,dga,uocemcyceamkk,13,dga_13_15
uoecamiewcoguq.info,1,ExtraHop/DGA-Detection-Training-Dataset,dga,uoecamiewcoguq,14,dga_13_15
uogawkkmomwiwga.com,1,ExtraHop/DGA-Detection-Training-Dataset,dga,uogawkkmomwiwga,15,dga_13_15
uoisoekgececkia.com,1,ExtraHop/DGA-Detection-Training-Dataset,dga,uoisoekgececkia,15,dga_13_15
uokycciwugyskqy.com,1,ExtraHop/DGA-Detection-Training-Dataset,dga,uokycciwugyskqy,15,dga_13_15
uoooskkwgskiye.com,1,ExtraHop/DGA-Detection-Training-Dataset,dga,uoooskkwgskiye,14,dga_13_15
uoouuuakwwsso.com,1,ExtraHop/DGA-Detection-Training-Dataset,dga,uoouuuakwwsso,13,dga_13_15
uoqqawouyguss.net,1,ExtraHop/DGA-Detection-Training-Dataset,dga,uoqqawouyguss,13,dga_13_15
uosaqyagseaoec.info,1,ExtraHop/DGA-Detection-Training-Dataset,dga,uosaqyagseaoec,14,dga_13_15
uqhljopkpsatuq.info,1,ExtraHop/DGA-Detection-Training-Dataset,dga,uqhljopkpsatuq,14,dga_13_15
uqixzubrqeinsa.org,1,ExtraHop/DGA-Detection-Training-Dataset,dga,uqixzubrqeinsa,14,dga_13_15
uqsepybsvugaps.com,1,ExtraHop/DGA-Detection-Training-Dataset,dga,uqsepybsvugaps,14,dga_13_15
uqxkcbemcefcln.org,1,ExtraHop/DGA-Detection-Training-Dataset,dga,uqxkcbemcefcln,14,dga_13_15
usfpchdtjaannip.org,1,ExtraHop/DGA-Detection-Training-Dataset,dga,usfpchdtjaannip,15,dga_13_15
usvqkandfield.com,1,ExtraHop/DGA-Detection-Training-Dataset,dga,usvqkandfield,13,dga_13_15
utgt7rmhcbkrsfe.org,1,ExtraHop/DGA-Detection-Training-Dataset,dga,utgt7rmhcbkrsfe,15,dga_13_15
utstq8o43dov5h5.com,1,ExtraHop/DGA-Detection-Training-Dataset,dga,utstq8o43dov5h5,15,dga_13_15
uuzqlebmw330i.info,1,ExtraHop/DGA-Detection-Training-Dataset,dga,uuzqlebmw330i,13,dga_13_15
uvrxrgnnqkultq.org,1,ExtraHop/DGA-Detection-Training-Dataset,dga,uvrxrgnnqkultq,14,dga_13_15
ux5jypobmjcdwpa.com,1,ExtraHop/DGA-Detection-Training-Dataset,dga,ux5jypobmjcdwpa,15,dga_13_15
uxgiipmjmnovt.org,1,ExtraHop/DGA-Detection-Training-Dataset,dga,uxgiipmjmnovt,13,dga_13_15
vbvvbtlnfflftp.info,1,ExtraHop/DGA-Detection-Training-Dataset,dga,vbvvbtlnfflftp,14,dga_13_15
vfenowelcamino.net,1,ExtraHop/DGA-Detection-Training-Dataset,dga,vfenowelcamino,14,dga_13_15
vfzohxoypqwum.net,1,ExtraHop/DGA-Detection-Training-Dataset,dga,vfzohxoypqwum,13,dga_13_15
vhxifhkcxoedwbi.org,1,ExtraHop/DGA-Detection-Training-Dataset,dga,vhxifhkcxoedwbi,15,dga_13_15
vicobutuqamyb.com,1,ExtraHop/DGA-Detection-Training-Dataset,dga,vicobutuqamyb,13,dga_13_15
vicuhukilyheloj.net,1,ExtraHop/DGA-Detection-Training-Dataset,dga,vicuhukilyheloj,15,dga_13_15
vidugimuleqalic.info,1,ExtraHop/DGA-Detection-Training-Dataset,dga,vidugimuleqalic,15,dga_13_15
vifomamoqolab.info,1,ExtraHop/DGA-Detection-Training-Dataset,dga,vifomamoqolab,13,dga_13_15
vifozoteqopyb.info,1,ExtraHop/DGA-Detection-Training-Dataset,dga,vifozoteqopyb,13,dga_13_15
vihorakequzeb.com,1,ExtraHop/DGA-Detection-Training-Dataset,dga,vihorakequzeb,13,dga_13_15
vihukycoloqilev.net,1,ExtraHop/DGA-Detection-Training-Dataset,dga,vihukycoloqilev,15,dga_13_15
vihupemelonalot.com,1,ExtraHop/DGA-Detection-Training-Dataset,dga,vihupemelonalot,15,dga_13_15
vilugamylujalyd.org,1,ExtraHop/DGA-Detection-Training-Dataset,dga,vilugamylujalyd,15,dga_13_15
vinubufelakoluc.info,1,ExtraHop/DGA-Detection-Training-Dataset,dga,vinubufelakoluc,15,dga_13_15
vipogikeqeqeb.info,1,ExtraHop/DGA-Detection-Training-Dataset,dga,vipogikeqeqeb,13,dga_13_15
vipomekiqebeb.org,1,ExtraHop/DGA-Detection-Training-Dataset,dga,vipomekiqebeb,13,dga_13_15
vipugamulucalaj.com,1,ExtraHop/DGA-Detection-Training-Dataset,dga,vipugamulucalaj,15,dga_13_15
viwogyfiqyqob.org,1,ExtraHop/DGA-Detection-Training-Dataset,dga,viwogyfiqyqob,13,dga_13_15
viwukacalikilys.org,1,ExtraHop/DGA-Detection-Training-Dataset,dga,viwukacalikilys,15,dga_13_15
vjmcrsensinaix.org,1,ExtraHop/DGA-Detection-Training-Dataset,dga,vjmcrsensinaix,14,dga_13_15
vjnsaxtnuuwmem.com,1,ExtraHop/DGA-Detection-Training-Dataset,dga,vjnsaxtnuuwmem,14,dga_13_15
vkkgsonenljmmsp.info,1,ExtraHop/DGA-Detection-Training-Dataset,dga,vkkgsonenljmmsp,15,dga_13_15
vkuaigqwtifsu.com,1,ExtraHop/DGA-Detection-Training-Dataset,dga,vkuaigqwtifsu,13,dga_13_15
vlgfdqhcqbtebc.com,1,ExtraHop/DGA-Detection-Training-Dataset,dga,vlgfdqhcqbtebc,14,dga_13_15
vltaonateexbe.net,1,ExtraHop/DGA-Detection-Training-Dataset,dga,vltaonateexbe,13,dga_13_15
vluuuqnzlmqnv.org,1,ExtraHop/DGA-Detection-Training-Dataset,dga,vluuuqnzlmqnv,13,dga_13_15
vmqtloucuikhft.com,1,ExtraHop/DGA-Detection-Training-Dataset,dga,vmqtloucuikhft,14,dga_13_15
vnoshqtohpwiokq.com,1,ExtraHop/DGA-Detection-Training-Dataset,dga,vnoshqtohpwiokq,15,dga_13_15
vpeslebmw330i.com,1,ExtraHop/DGA-Detection-Training-Dataset,dga,vpeslebmw330i,13,dga_13_15
vqaygoivymhgso.com,1,ExtraHop/DGA-Detection-Training-Dataset,dga,vqaygoivymhgso,14,dga_13_15
vqtimapdsnayow.net,1,ExtraHop/DGA-Detection-Training-Dataset,dga,vqtimapdsnayow,14,dga_13_15
vtoxdkzwbzpstuq.org,1,ExtraHop/DGA-Detection-Training-Dataset,dga,vtoxdkzwbzpstuq,15,dga_13_15
vvioycqxvbdzkgm.com,1,ExtraHop/DGA-Detection-Training-Dataset,dga,vvioycqxvbdzkgm,15,dga_13_15
vvocpartbulkyf.info,1,ExtraHop/DGA-Detection-Training-Dataset,dga,vvocpartbulkyf,14,dga_13_15
vvsprojgkoftt.com,1,ExtraHop/DGA-Detection-Training-Dataset,dga,vvsprojgkoftt,13,dga_13_15
vxnmlgyikilly.org,1,ExtraHop/DGA-Detection-Training-Dataset,dga,vxnmlgyikilly,13,dga_13_15
vxqeaqkagtmyd.com,1,ExtraHop/DGA-Detection-Training-Dataset,dga,vxqeaqkagtmyd,13,dga_13_15
vyjgengdhkwrto.org,1,ExtraHop/DGA-Detection-Training-Dataset,dga,vyjgengdhkwrto,14,dga_13_15
vyrgaubbqbbedo.com,1,ExtraHop/DGA-Detection-Training-Dataset,dga,vyrgaubbqbbedo,14,dga_13_15
w41nk8gd34spah3.com,1,ExtraHop/DGA-Detection-Training-Dataset,dga,w41nk8gd34spah3,15,dga_13_15
w4ufyhwbstwxw21.info,1,ExtraHop/DGA-Detection-Training-Dataset,dga,w4ufyhwbstwxw21,15,dga_13_15
w8ub3dsvkbmxit1.info,1,ExtraHop/DGA-Detection-Training-Dataset,dga,w8ub3dsvkbmxit1,15,dga_13_15
wasznoysicngdo.org,1,ExtraHop/DGA-Detection-Training-Dataset,dga,wasznoysicngdo,14,dga_13_15
wavfkcheverolet.net,1,ExtraHop/DGA-Detection-Training-Dataset,dga,wavfkcheverolet,15,dga_13_15
wbaxlxnyjppydpp.com,1,ExtraHop/DGA-Detection-Training-Dataset,dga,wbaxlxnyjppydpp,15,dga_13_15
wbqv5vslmnmbs8i.info,1,ExtraHop/DGA-Detection-Training-Dataset,dga,wbqv5vslmnmbs8i,15,dga_13_15
wcjmkcheverolet.com,1,ExtraHop/DGA-Detection-Training-Dataset,dga,wcjmkcheverolet,15,dga_13_15
wckarpeudehxb.info,1,ExtraHop/DGA-Detection-Training-Dataset,dga,wckarpeudehxb,13,dga_13_15
wecfnewjgqinaq.com,1,ExtraHop/DGA-Detection-Training-Dataset,dga,wecfnewjgqinaq,14,dga_13_15
wf36utuhinknm45.com,1,ExtraHop/DGA-Detection-Training-Dataset,dga,wf36utuhinknm45,15,dga_13_15
wf3fkrajwjc2yp3.com,1,ExtraHop/DGA-Detection-Training-Dataset,dga,wf3fkrajwjc2yp3,15,dga_13_15
wfjonqiryikmpts.org,1,ExtraHop/DGA-Detection-Training-Dataset,dga,wfjonqiryikmpts,15,dga_13_15
wfrtdxapyaencwh.com,1,ExtraHop/DGA-Detection-Training-Dataset,dga,wfrtdxapyaencwh,15,dga_13_15
wfxxhugbvddltps.org,1,ExtraHop/DGA-Detection-Training-Dataset,dga,wfxxhugbvddltps,15,dga_13_15
wfydsqeevwoeslc.info,1,ExtraHop/DGA-Detection-Training-Dataset,dga,wfydsqeevwoeslc,15,dga_13_15
whm4slytcn3bcli.com,1,ExtraHop/DGA-Detection-Training-Dataset,dga,whm4slytcn3bcli,15,dga_13_15
whrjveedfpmrpd.com,1,ExtraHop/DGA-Detection-Training-Dataset,dga,whrjveedfpmrpd,14,dga_13_15
whybgepyakwti.org,1,ExtraHop/DGA-Detection-Training-Dataset,dga,whybgepyakwti,13,dga_13_15
wiholebmw330i.com,1,ExtraHop/DGA-Detection-Training-Dataset,dga,wiholebmw330i,13,dga_13_15
wjaturw2c8st7ju.net,1,ExtraHop/DGA-Detection-Training-Dataset,dga,wjaturw2c8st7ju,15,dga_13_15
wjchstrukoouyjr.info,1,ExtraHop/DGA-Detection-Training-Dataset,dga,wjchstrukoouyjr,15,dga_13_15
wjgt36arg4uxo0s.org,1,ExtraHop/DGA-Detection-Training-Dataset,dga,wjgt36arg4uxo0s,15,dga_13_15
wjgtamwwdxglw.net,1,ExtraHop/DGA-Detection-Training-Dataset,dga,wjgtamwwdxglw,13,dga_13_15
wlyraretahgpetq.info,1,ExtraHop/DGA-Detection-Training-Dataset,dga,wlyraretahgpetq,15,dga_13_15
woermofwnkhyq.info,1,ExtraHop/DGA-Detection-Training-Dataset,dga,woermofwnkhyq,13,dga_13_15
wouelnfluedmgd.com,1,ExtraHop/DGA-Detection-Training-Dataset,dga,wouelnfluedmgd,14,dga_13_15
wqrttwcoydgyc.org,1,ExtraHop/DGA-Detection-Training-Dataset,dga,wqrttwcoydgyc,13,dga_13_15
wr7010md3rmh5hm.net,1,ExtraHop/DGA-Detection-Training-Dataset,dga,wr7010md3rmh5hm,15,dga_13_15
wseaugicgcuyksk.com,1,ExtraHop/DGA-Detection-Training-Dataset,dga,wseaugicgcuyksk,15,dga_13_15
wseawcykcqoys.com,1,ExtraHop/DGA-Detection-Training-Dataset,dga,wseawcykcqoys,13,dga_13_15
wsoscywoxghet.net,1,ExtraHop/DGA-Detection-Training-Dataset,dga,wsoscywoxghet,13,dga_13_15
wtcygsyinyqdy.org,1,ExtraHop/DGA-Detection-Training-Dataset,dga,wtcygsyinyqdy,13,dga_13_15
wuoejqqexessb.org,1,ExtraHop/DGA-Detection-Training-Dataset,dga,wuoejqqexessb,13,dga_13_15
wuxosceiliyqo.com,1,ExtraHop/DGA-Detection-Training-Dataset,dga,wuxosceiliyqo,13,dga_13_15
wvm6e6yde25pufq.org,1,ExtraHop/DGA-Detection-Training-Dataset,dga,wvm6e6yde25pufq,15,dga_13_15
wvwejdmvwntyzyp.org,1,ExtraHop/DGA-Detection-Training-Dataset,dga,wvwejdmvwntyzyp,15,dga_13_15
xaujkqycltpplj.com,1,ExtraHop/DGA-Detection-Training-Dataset,dga,xaujkqycltpplj,14,dga_13_15
xaxxpedtjoqox.com,1,ExtraHop/DGA-Detection-Training-Dataset,dga,xaxxpedtjoqox,13,dga_13_15
xbcwvdmtrraxqt.com,1,ExtraHop/DGA-Detection-Training-Dataset,dga,xbcwvdmtrraxqt,14,dga_13_15
xbkfobhjjfqofm.info,1,ExtraHop/DGA-Detection-Training-Dataset,dga,xbkfobhjjfqofm,14,dga_13_15
xbqsrsensinaix.info,1,ExtraHop/DGA-Detection-Training-Dataset,dga,xbqsrsensinaix,14,dga_13_15
xctbewgavdmnkb.net,1,ExtraHop/DGA-Detection-Training-Dataset,dga,xctbewgavdmnkb,14,dga_13_15
xcwbbbykkesuo.com,1,ExtraHop/DGA-Detection-Training-Dataset,dga,xcwbbbykkesuo,13,dga_13_15
xdrvtvktlsludm.com,1,ExtraHop/DGA-Detection-Training-Dataset,dga,xdrvtvktlsludm,14,dga_13_15
xdwvxaqumhqeds.info,1,ExtraHop/DGA-Detection-Training-Dataset,dga,xdwvxaqumhqeds,14,dga_13_15
xibqgxycssgkn.info,1,ExtraHop/DGA-Detection-Training-Dataset,dga,xibqgxycssgkn,13,dga_13_15
xisobfdmjgfdk.info,1,ExtraHop/DGA-Detection-Training-Dataset,dga,xisobfdmjgfdk,13,dga_13_15
xjgudhywscbnjh.org,1,ExtraHop/DGA-Detection-Training-Dataset,dga,xjgudhywscbnjh,14,dga_13_15
xjottrnfhqalvyo.info,1,ExtraHop/DGA-Detection-Training-Dataset,dga,xjottrnfhqalvyo,15,dga_13_15
xlalrcinyoafvdd.info,1,ExtraHop/DGA-Detection-Training-Dataset,dga,xlalrcinyoafvdd,15,dga_13_15
xleidtheycxyx.org,1,ExtraHop/DGA-Detection-Training-Dataset,dga,xleidtheycxyx,13,dga_13_15
xmijcvriotnus.info,1,ExtraHop/DGA-Detection-Training-Dataset,dga,xmijcvriotnus,13,dga_13_15
xmmaqspowgbftrp.org,1,ExtraHop/DGA-Detection-Training-Dataset,dga,xmmaqspowgbftrp,15,dga_13_15
xoprtqpryprjr.info,1,ExtraHop/DGA-Detection-Training-Dataset,dga,xoprtqpryprjr,13,dga_13_15
xpmobjlhnxatoen.org,1,ExtraHop/DGA-Detection-Training-Dataset,dga,xpmobjlhnxatoen,15,dga_13_15
xpzqvxjodffoofk.net,1,ExtraHop/DGA-Detection-Training-Dataset,dga,xpzqvxjodffoofk,15,dga_13_15
xrgayxkmanmlgi.org,1,ExtraHop/DGA-Detection-Training-Dataset,dga,xrgayxkmanmlgi,14,dga_13_15
xsgqbqwnfdxxzns.org,1,ExtraHop/DGA-Detection-Training-Dataset,dga,xsgqbqwnfdxxzns,15,dga_13_15
xsldygibpduvon.net,1,ExtraHop/DGA-Detection-Training-Dataset,dga,xsldygibpduvon,14,dga_13_15
xtjgwevkrtslwo.com,1,ExtraHop/DGA-Detection-Training-Dataset,dga,xtjgwevkrtslwo,14,dga_13_15
xtlyveojseresy.com,1,ExtraHop/DGA-Detection-Training-Dataset,dga,xtlyveojseresy,14,dga_13_15
xxxporcajanunal.org,1,ExtraHop/DGA-Detection-Training-Dataset,dga,xxxporcajanunal,15,dga_13_15
xzoufzptcbmbc.org,1,ExtraHop/DGA-Detection-Training-Dataset,dga,xzoufzptcbmbc,13,dga_13_15
y0if7bwvyvmn7ha.org,1,ExtraHop/DGA-Detection-Training-Dataset,dga,y0if7bwvyvmn7ha,15,dga_13_15
y0ojo8g4c210yxg.net,1,ExtraHop/DGA-Detection-Training-Dataset,dga,y0ojo8g4c210yxg,15,dga_13_15
y2ajilub7ho2cxk.info,1,ExtraHop/DGA-Detection-Training-Dataset,dga,y2ajilub7ho2cxk,15,dga_13_15
y4m6ibo4wrml54q.com,1,ExtraHop/DGA-Detection-Training-Dataset,dga,y4m6ibo4wrml54q,15,dga_13_15
y4q67rej1havmtm.info,1,ExtraHop/DGA-Detection-Training-Dataset,dga,y4q67rej1havmtm,15,dga_13_15
y8sveja4k6gde4q.info,1,ExtraHop/DGA-Detection-Training-Dataset,dga,y8sveja4k6gde4q,15,dga_13_15
y8ylynofonqvsvy.net,1,ExtraHop/DGA-Detection-Training-Dataset,dga,y8ylynofonqvsvy,15,dga_13_15
ybnjwgbcrmugg.org,1,ExtraHop/DGA-Detection-Training-Dataset,dga,ybnjwgbcrmugg,13,dga_13_15
ycpfbjxeeffxom.com,1,ExtraHop/DGA-Detection-Training-Dataset,dga,ycpfbjxeeffxom,14,dga_13_15
yeyorsensinaix.org,1,ExtraHop/DGA-Detection-Training-Dataset,dga,yeyorsensinaix,14,dga_13_15
yfcdsb7xahutw43.net,1,ExtraHop/DGA-Detection-Training-Dataset,dga,yfcdsb7xahutw43,15,dga_13_15
ygdcpartbulkyf.com,1,ExtraHop/DGA-Detection-Training-Dataset,dga,ygdcpartbulkyf,14,dga_13_15
ylevi8k432mferu.net,1,ExtraHop/DGA-Detection-Training-Dataset,dga,ylevi8k432mferu,15,dga_13_15
yllrsyvmbiktolt.com,1,ExtraHop/DGA-Detection-Training-Dataset,dga,yllrsyvmbiktolt,15,dga_13_15
ylw63xarmbg4307.com,1,ExtraHop/DGA-Detection-Training-Dataset,dga,ylw63xarmbg4307,15,dga_13_15
ymdsererwyatanb.com,1,ExtraHop/DGA-Detection-Training-Dataset,dga,ymdsererwyatanb,15,dga_13_15
yn7tqhkvwta8ipc.com,1,ExtraHop/DGA-Detection-Training-Dataset,dga,yn7tqhkvwta8ipc,15,dga_13_15
yoebnfukjcpnhne.net,1,ExtraHop/DGA-Detection-Training-Dataset,dga,yoebnfukjcpnhne,15,dga_13_15
yonfsqoiuhbvto.org,1,ExtraHop/DGA-Detection-Training-Dataset,dga,yonfsqoiuhbvto,14,dga_13_15
ypalgb7f3hidcnk.net,1,ExtraHop/DGA-Detection-Training-Dataset,dga,ypalgb7f3hidcnk,15,dga_13_15
yszafguiwcymao.net,1,ExtraHop/DGA-Detection-Training-Dataset,dga,yszafguiwcymao,14,dga_13_15
ytqcvmiqxxpxp.org,1,ExtraHop/DGA-Detection-Training-Dataset,dga,ytqcvmiqxxpxp,13,dga_13_15
yukbwdzuilyru.info,1,ExtraHop/DGA-Detection-Training-Dataset,dga,yukbwdzuilyru,13,dga_13_15
yuucknllprtmd.com,1,ExtraHop/DGA-Detection-Training-Dataset,dga,yuucknllprtmd,13,dga_13_15
yuwgdaugdsjgd.org,1,ExtraHop/DGA-Detection-Training-Dataset,dga,yuwgdaugdsjgd,13,dga_13_15
yv5jyvyfktg6st3.com,1,ExtraHop/DGA-Detection-Training-Dataset,dga,yv5jyvyfktg6st3,15,dga_13_15
yvmfutidwp1nank.net,1,ExtraHop/DGA-Detection-Training-Dataset,dga,yvmfutidwp1nank,15,dga_13_15
ywaoowelcamino.info,1,ExtraHop/DGA-Detection-Training-Dataset,dga,ywaoowelcamino,14,dga_13_15
ywcomaoawekega.net,1,ExtraHop/DGA-Detection-Training-Dataset,dga,ywcomaoawekega,14,dga_13_15
ywicygqoacqosk.org,1,ExtraHop/DGA-Detection-Training-Dataset,dga,ywicygqoacqosk,14,dga_13_15
ywkgaygysgcimms.net,1,ExtraHop/DGA-Detection-Training-Dataset,dga,ywkgaygysgcimms,15,dga_13_15
ywxijuwkatynvnp.info,1,ExtraHop/DGA-Detection-Training-Dataset,dga,ywxijuwkatynvnp,15,dga_13_15
yx363r5bsnkrw2o.net,1,ExtraHop/DGA-Detection-Training-Dataset,dga,yx363r5bsnkrw2o,15,dga_13_15
yxnakwojxqnyh.com,1,ExtraHop/DGA-Detection-Training-Dataset,dga,yxnakwojxqnyh,13,dga_13_15
yyxlbyplaywobb.net,1,ExtraHop/DGA-Detection-Training-Dataset,dga,yyxlbyplaywobb,14,dga_13_15
zbfrrsensinaix.info,1,ExtraHop/DGA-Detection-Training-Dataset,dga,zbfrrsensinaix,14,dga_13_15
zknphbiwncofg.org,1,ExtraHop/DGA-Detection-Training-Dataset,dga,zknphbiwncofg,13,dga_13_15
zqugfyosvolhyq.info,1,ExtraHop/DGA-Detection-Training-Dataset,dga,zqugfyosvolhyq,14,dga_13_15
zrxrrwrimyosk.info,1,ExtraHop/DGA-Detection-Training-Dataset,dga,zrxrrwrimyosk,13,dga_13_15
zukbchzqyinjo.org,1,ExtraHop/DGA-Detection-Training-Dataset,dga,zukbchzqyinjo,13,dga_13_15
zviqenhancedysb.net,1,ExtraHop/DGA-Detection-Training-Dataset,dga,zviqenhancedysb,15,dga_13_15
zxsknhaftjndowi.info,1,ExtraHop/DGA-Detection-Training-Dataset,dga,zxsknhaftjndowi,15,dga_13_15
